Gene,Protein_Uniprot,cancer_gene_census,tumor_types_somatic,oncoKB,Is.Oncogene,Is.Tumor.Suppressor.Gene,previous_CH_list,remove,not_TSG,notes,isTSG,in_oncoKB_CGC,Bick_Gene,why_not_TSG,why_removed_from_oncoKB_CGC
A1CF,,oncogene,melanoma,,1,0,FALSE,0,0,,0,1,0,,
ABI1,,"TSG, fusion",AML,,0,1,TRUE,0,0,,1,1,0,,
ABL1,,"oncogene, fusion","CML, ALL, T-ALL",oncogene,1,0,FALSE,0,0,,0,1,0,,
ABL2,,"oncogene, fusion",AML,oncogene,1,0,FALSE,0,0,,0,1,0,,
ABRAXAS1,,,,TSG,0,1,TRUE,0,0,,1,1,0,,
ACKR3,,"oncogene, fusion",lipoma,,1,0,FALSE,0,0,,0,1,0,,
ACSL3,,fusion,prostate,,0,0,FALSE,0,0,,0,1,0,,
ACSL6,,fusion,"AML, AEL",,0,0,FALSE,0,0,,0,1,0,,
ACTG1,,,,TSG,0,1,TRUE,0,0,,1,1,0,,
ACVR1,,oncogene,DIPG,oncogene,1,0,FALSE,0,0,,0,1,0,,
ACVR1B,,TSG,pancreatic cancer,,0,1,FALSE,0,0,,1,1,0,,
ACVR2A,,TSG,"large intestine carcinoma, stomach carcinoma, pancreatic carcinoma, biliary tract, oesophagus",,0,1,TRUE,0,0,,1,1,0,,
AFDN,,"oncogene, fusion",AL,,1,0,FALSE,0,0,,0,1,0,,
AFF1,,fusion,AL,,0,0,FALSE,0,0,,0,1,0,,
AFF3,,"oncogene, fusion","ALL, T-ALL",,1,0,FALSE,0,0,,0,1,0,,
AFF4,,"oncogene, fusion",ALL,oncogene,1,0,FALSE,0,0,,0,1,0,,
AGO1,,,,oncogene,1,0,FALSE,0,0,,0,1,0,,
AJUBA,,,,TSG,0,1,FALSE,0,0,,1,1,0,,
AKAP9,,fusion,papillary thyroid,,0,0,FALSE,0,0,,0,1,0,,
AKT1,,oncogene,"breast, colorectal, ovarian, NSCLC",oncogene,1,0,FALSE,0,0,,0,1,0,,
AKT2,,oncogene,"ovarian, pancreatic",oncogene,1,0,FALSE,0,0,,0,1,0,,
AKT3,,oncogene,GBM,oncogene,1,0,FALSE,0,0,,0,1,0,,
ALDH2,,fusion,leiomyoma,,0,0,TRUE,0,0,,0,1,0,,
ALK,,"oncogene, fusion","ALCL, NSCLC, neuroblastoma, inflammatory myofibroblastic tumour, Spitzoid tumour",oncogene,1,0,FALSE,0,0,,0,1,0,,
ALOX12B,,,,"TSG, oncogene",1,1,FALSE,0,0,,1,1,0,,
AMER1,,TSG,Wilms tumour,TSG,0,1,TRUE,0,0,,1,1,0,,
ANKRD11,,,,TSG,0,1,TRUE,0,0,,1,1,0,,
APC,,TSG,"colorectal, pancreatic, desmoid, hepatoblastoma, glioma, other CNS",TSG,0,1,TRUE,0,0,,1,1,0,,
APLNR,,,,"TSG, oncogene",1,1,TRUE,0,0,,1,1,0,,
APOBEC3B,DNA dC->dU-editing enzyme APOBEC-3B,"oncogene, TSG",,,1,1,TRUE,0,1,,0,1,0,Brian Will Update,
AR,,oncogene,prostate,oncogene,1,0,FALSE,0,0,,0,1,0,,
ARAF,,oncogene,"cholangiocarcinoma, lung adenocarcinoma, Langerhans cell histiocytosis",oncogene,1,0,FALSE,0,0,,0,1,0,,
ARHGAP26,,"TSG, fusion","AML, MDS",,0,1,TRUE,0,0,,1,1,0,,
ARHGAP35,,TSG,endometrial carcinoma,"TSG, oncogene",1,1,TRUE,0,0,,1,1,0,,
ARHGAP5,,oncogene,"colon cancer, glioma",,1,0,FALSE,0,0,,0,1,0,,
ARHGEF10,,TSG,colon cancer,,0,1,FALSE,0,0,,1,1,0,,
ARHGEF10L,,TSG,lymphoma,,0,1,FALSE,0,0,,1,1,0,,
ARHGEF12,,"TSG, fusion",AML,,0,1,TRUE,0,0,,1,1,0,,
ARHGEF28,,,,oncogene,1,0,FALSE,0,0,,0,1,0,,
ARID1A,,"TSG, fusion","clear cell ovarian carcinoma, RCC, breast",TSG,0,1,TRUE,0,0,,1,1,0,,
ARID1B,,TSG,"breast, hepatocellular carcinoma, clear cell ovarian carcinoma",TSG,0,1,TRUE,0,0,,1,1,0,,
ARID2,,TSG,hepatocellular carcinoma,TSG,0,1,TRUE,0,0,,1,1,0,,
ARID3A,,,,TSG,0,1,TRUE,0,0,,1,1,0,,
ARID3B,,,,oncogene,1,0,FALSE,0,0,,0,1,0,,
ARID4A,,,,TSG,0,1,TRUE,0,0,,1,1,0,,
ARID4B,,,,TSG,0,1,TRUE,0,0,,1,1,0,,
ARID5B,,,,TSG,0,1,TRUE,0,0,,1,1,0,,
ASPSCR1,,fusion,alveolar soft part sarcoma,,0,0,FALSE,0,0,,0,1,0,,
ASXL1,,TSG,"MDS, CMML",TSG,0,1,TRUE,0,0,,1,1,0,,
ASXL2,,TSG,"melanoma, CCRCC, AML",TSG,0,1,TRUE,0,0,,1,1,0,,
ATF1,,"oncogene, fusion","malignant melanoma of soft parts, angiomatoid fibrous histiocytoma",oncogene,1,0,FALSE,0,0,,0,1,0,,
ATIC,,fusion,ALCL,,0,0,FALSE,0,0,,0,1,0,,
ATM,,TSG,T-PLL,TSG,0,1,TRUE,0,0,,1,1,0,,
ATP6V1B2,,,,TSG,0,1,TRUE,0,0,,1,1,0,,
ATR,,TSG,"endometrial, gastric, epithelial ovarian, myeloma",TSG,0,1,TRUE,0,0,,1,1,0,,
ATRX,,TSG,"pancreatic neuroendocrine tumours, paediatric GBM",TSG,0,1,TRUE,0,0,,1,1,0,,
ATXN2,,,,TSG,0,1,TRUE,0,0,,1,1,0,,
ATXN7,,,,oncogene,1,0,FALSE,0,0,,0,1,0,,
AURKA,,,,oncogene,1,0,FALSE,0,0,,0,1,0,,
AURKB,,,,oncogene,1,0,FALSE,0,0,,0,1,0,,
AXIN1,,TSG,"colorectal, endometrial, prostate, hepatocellular carcinoma, hepatoblastoma, sporadic medulloblastoma",TSG,0,1,TRUE,0,0,,1,1,0,,
AXIN2,,TSG,"colorectal carcinoma, stomach carcinoma, hepatocellular carcinoma",TSG,0,1,TRUE,0,0,,1,1,0,,
AXL,,,,oncogene,1,0,FALSE,0,0,,0,1,0,,
B2M,,TSG,"DLBCL, melanoma, colorectal adenocarcinoma",TSG,0,1,TRUE,0,0,,1,1,0,,
BACH2,,,,TSG,0,1,TRUE,0,0,,1,1,0,,
BAP1,,TSG,"uveal melanoma, breast, NSCLC, RCC",TSG,0,1,TRUE,0,0,,1,1,0,,
BARD1,,TSG,breast cancer,TSG,0,1,TRUE,0,0,,1,1,0,,
BAX,,TSG,colorectal cancer,,0,1,FALSE,0,0,,1,1,0,,
BBC3,,,,TSG,0,1,TRUE,0,0,,1,1,0,,
BCL10,,"TSG, fusion",MALT,TSG,0,1,TRUE,0,0,,1,1,0,,
BCL11A,,"oncogene, fusion",B-CLL,,1,0,FALSE,0,0,,0,1,0,,
BCL11B,,"oncogene, TSG, fusion",T-ALL,TSG,1,1,TRUE,0,0,,1,1,0,,
BCL2,,"oncogene, fusion","NHL, CLL",oncogene,1,0,TRUE,0,0,,0,1,0,,
BCL2L11,,,,TSG,0,1,TRUE,0,0,,1,1,0,,
BCL2L12,,oncogene,"melanoma, SCC",,1,0,FALSE,0,0,,0,1,0,,
BCL3,,"oncogene, fusion",CLL,,1,0,FALSE,0,0,,0,1,0,,
BCL6,,"oncogene, fusion","NHL, CLL",oncogene,1,0,FALSE,0,0,,0,1,0,,
BCL7A,,fusion,BNHL,,0,0,FALSE,0,0,,0,1,0,,
BCL9,,"oncogene, fusion",B-ALL,oncogene,1,0,FALSE,0,0,,0,1,0,,
BCL9L,,"oncogene, TSG","colorectal cancer, endometrial carcinoma, gastric cancer",,1,1,TRUE,0,0,,1,1,0,,
BCOR,,"TSG, fusion","retinoblastoma, AML, APL (translocation)",TSG,0,1,TRUE,0,0,,1,1,0,,
BCORL1,,"oncogene, TSG","AML, HNSCC",TSG,1,1,TRUE,0,0,,1,1,0,,
BCR,,fusion,"CML, ALL, AML",oncogene,1,0,FALSE,0,0,,0,1,0,,
BIRC3,,"oncogene, TSG, fusion","CLL, MALT, MCL, MM",,1,1,TRUE,0,0,,1,1,0,,
BIRC6,,"oncogene, fusion","melanoma, gastric adenocarcinoma, lung adenocarcinoma",,1,0,FALSE,0,0,,0,1,0,,
BLM,,TSG,,TSG,0,1,TRUE,0,0,,1,1,0,,
BMPR1A,,"oncogene, TSG",,TSG,1,1,TRUE,0,0,,1,1,0,,
BRAF,,"oncogene, fusion","melanoma, colorectal, papillary thyroid, borderline ovarian, NSCLC, cholangiocarcinoma, pilocytic astrocytoma, Spitzoid tumour, pancreas acinar carcinoma, melanocytic nevus, prostate, gastric",oncogene,1,0,TRUE,0,0,,0,1,0,,
BRCA1,,TSG,ovarian,TSG,0,1,TRUE,0,0,,1,1,0,,
BRCA2,,TSG,"breast, ovarian, pancreatic",TSG,0,1,TRUE,0,0,,1,1,0,,
BRD3,,"oncogene, fusion",lethal midline carcinoma of young people,,1,0,FALSE,0,0,,0,1,0,,
BRD4,,"oncogene, fusion",lethal midline carcinoma of young people,oncogene,1,0,FALSE,0,0,,0,1,0,,
BRIP1,,TSG,,TSG,0,1,TRUE,0,0,,1,1,0,,
BTG1,,"TSG, fusion",B-CLL,TSG,0,1,TRUE,0,0,,1,1,0,,
BTG2,,TSG,DLBCL,,0,1,FALSE,0,0,,1,1,0,,
BTK,,"oncogene, TSG","CLL, mantle cell lymphoma, WM",oncogene,1,1,TRUE,0,1,,0,1,0,Brian Will Update,
BUB1B,,TSG,,,0,1,TRUE,0,1,,0,1,0,Brian Will Update,
C15orf65,,fusion,"PMBL, Hodgkin lymphoma",,0,0,FALSE,0,0,,0,1,0,,
CACNA1D,,oncogene,adrenal aldosterone producing adenoma,,1,0,FALSE,0,0,,0,1,0,,
CALR,,oncogene,"MPN, MDS",oncogene,1,0,TRUE,0,0,,0,1,0,,
CAMTA1,,"TSG, fusion",epithelioid haemangioendothelioma,,0,1,TRUE,0,0,,1,1,0,,
CANT1,,fusion,prostate,,0,0,FALSE,0,0,,0,1,0,,
CARD11,,oncogene,DLBCL,oncogene,1,0,FALSE,0,0,,0,1,0,,
CARS,,"TSG, fusion",ALCL,,0,1,FALSE,0,0,,1,1,0,,
CASP3,,TSG,ovarian cancer,,0,1,FALSE,0,0,,1,1,0,,
CASP8,,TSG,"hepatocellular, oral squamous cell, breast",TSG,0,1,TRUE,0,0,,1,1,0,,
CBFA2T3,,"TSG, fusion",AML,,0,1,FALSE,0,0,,1,1,0,,
CBFB,,"TSG, fusion",AML,TSG,0,1,TRUE,0,0,,1,1,0,,
CBL,,"oncogene, TSG, fusion","AML, JMML, MDS",TSG,1,1,TRUE,0,1,,0,1,0,Brian Will Update,
CBLB,,TSG,AML,,0,1,TRUE,0,0,,1,1,0,,
CCDC6,,"TSG, fusion","papillary thyroid, CML, NSCLC",,0,1,TRUE,0,0,,1,1,0,,
CCNB1IP1,,"TSG, fusion",leiomyoma,,0,1,TRUE,0,0,,1,1,0,,
CCNB3,,,,oncogene,1,0,FALSE,0,0,,0,1,0,,
CCNC,,TSG,T-ALL,,0,1,FALSE,0,0,,1,1,0,,
CCND1,,"oncogene, fusion","CLL, B-ALL, breast",oncogene,1,0,FALSE,0,0,,0,1,0,,
CCND2,,"oncogene, fusion","NHL,CLL",oncogene,1,0,FALSE,0,0,,0,1,0,,
CCND3,,"oncogene, fusion",MM,oncogene,1,0,FALSE,0,0,,0,1,0,,
CCNE1,,oncogene,serous ovarian,oncogene,1,0,FALSE,0,0,,0,1,0,,
CCNQ,,,,TSG,0,1,TRUE,0,0,,1,1,0,,
CCR4,,oncogene,adult T-cell leukaemia/lymphoma,,1,0,FALSE,0,0,,0,1,0,,
CCR7,,oncogene,adult T-cell leukaemia/lymphoma,,1,0,FALSE,0,0,,0,1,0,,
CD274,,"TSG, fusion","PMBL, Hodgkin lymphoma",oncogene,1,1,TRUE,0,1,,0,1,0,Brian Will Update,
CD276,,,,oncogene,1,0,FALSE,0,0,,0,1,0,,
CD28,,oncogene,T-cell lymphoma,oncogene,1,0,FALSE,0,0,,0,1,0,,
CD58,,,,TSG,0,1,TRUE,0,0,,1,1,0,,
CD74,,"oncogene, fusion",NSCLC,,1,0,FALSE,0,0,,0,1,0,,
CD79A,,oncogene,"DLBCL, WM",oncogene,1,0,FALSE,0,0,,0,1,0,,
CD79B,,oncogene,"DLBCL, WM",oncogene,1,0,FALSE,0,0,,0,1,0,,
CDC42,,,,oncogene,1,0,FALSE,0,0,,0,1,0,,
CDC73,,TSG,parathyroid adenoma,TSG,0,1,TRUE,0,0,,1,1,0,,
CDH1,,TSG,"lobular breast, gastric",TSG,0,1,TRUE,0,0,,1,1,0,,
CDH10,,TSG,melanoma,,0,1,FALSE,0,0,,1,1,0,,
CDH11,,"TSG, fusion",aneurysmal bone cyst,,0,1,TRUE,0,0,,1,1,0,,
CDH17,,oncogene,melanoma,,1,0,FALSE,0,0,,0,1,0,,
CDK12,,TSG,serous ovarian,TSG,0,1,TRUE,0,0,,1,1,0,,
CDK4,,oncogene,,oncogene,1,0,FALSE,0,0,,0,1,0,,
CDK6,,"oncogene, fusion",ALL,oncogene,1,0,FALSE,0,0,,0,1,0,,
CDK8,,,,oncogene,1,0,FALSE,0,0,,0,1,0,,
CDKN1A,,"oncogene, TSG",bladder cancer,TSG,1,1,TRUE,0,0,,1,1,0,,
CDKN1B,,TSG,"breast, small intestine neuroendocrine tumours",TSG,0,1,TRUE,0,0,,1,1,0,,
CDKN2A,,TSG,"melanoma, multiple other tumour types",TSG,0,1,TRUE,0,0,,1,1,0,,
CDKN2B,,,,TSG,0,1,TRUE,0,0,,1,1,0,,
CDKN2C,,TSG,"glioma, MM",TSG,0,1,TRUE,0,0,,1,1,0,,
CDX2,,"TSG, fusion",AML,,0,1,TRUE,0,0,,1,1,0,,
CEBPA,,TSG,"AML, MDS",TSG,0,1,TRUE,0,0,,1,1,0,,
CEP89,,fusion,Spitzoid tumour,,0,0,FALSE,0,0,,0,1,0,,
CHCHD7,,fusion,salivary adenoma,,0,0,FALSE,0,0,,0,1,0,,
CHD2,,TSG,"melanoma, large intestine, CLL, monoclonal B lymphocytosis",,0,1,FALSE,0,0,,1,1,0,,
CHD4,,oncogene,uterine serous carcinoma,,1,0,FALSE,0,0,,0,1,0,,
CHEK1,,,,TSG,0,1,TRUE,0,0,,1,1,0,,
CHEK2,,TSG,,TSG,0,1,TRUE,0,0,,1,1,0,,
CHIC2,,fusion,AML,,0,0,FALSE,0,0,,0,1,0,,
CHST11,,"oncogene, fusion",B-CLL,,1,0,FALSE,0,0,,0,1,0,,
CIC,,"oncogene, TSG, fusion","oligodendroglioma, soft tissue sarcoma",TSG,1,1,TRUE,0,0,,1,1,0,,
CIITA,,"TSG, fusion","PMBL, Hodgkin lymphoma",TSG,0,1,TRUE,0,0,,1,1,0,,
CLIP1,,fusion,Spitzoid tumour,,0,0,FALSE,0,0,,0,1,0,,
CLP1,,fusion,AML,,0,0,FALSE,0,0,,0,1,0,,
CLTC,,"TSG, fusion","ALCL, renal",,0,1,TRUE,0,0,,1,1,0,,
CLTCL1,,"TSG, fusion",ALCL,,0,1,TRUE,0,0,,1,1,0,,
CMTR2,,,,TSG,0,1,TRUE,0,0,,1,1,0,,
CNBP,,"TSG, fusion",aneurysmal bone cyst,,0,1,TRUE,0,0,,1,1,0,,
CNOT3,,TSG,T-ALL,,0,1,TRUE,0,0,,1,1,0,,
CNTNAP2,,TSG,"glioma, melanoma",,0,1,FALSE,0,0,,1,1,0,,
CNTRL,,fusion,"MPN, NHL",,0,0,FALSE,0,0,,0,1,0,,
COL1A1,,fusion,"DFSP, aneurysmal bone cyst",,0,0,FALSE,0,0,,0,1,0,,
COL2A1,,fusion,"chondrosarcoma, enchondroma",,0,0,FALSE,0,0,,0,1,0,,
COL3A1,,fusion,lipoblastoma,,0,0,FALSE,0,0,,0,1,0,,
COP1,,,,oncogene,1,0,FALSE,0,0,,0,1,0,,
COX6C,,fusion,uterine leiomyoma,,0,0,FALSE,0,0,,0,1,0,,
CPEB3,,TSG,lung cancer,,0,1,FALSE,0,0,,1,1,0,,
CRBN,,,,TSG,0,1,TRUE,0,0,,1,1,0,,
CREB1,,"oncogene, fusion","clear cell sarcoma, angiomatoid fibrous histiocytoma",oncogene,1,0,FALSE,0,0,,0,1,0,,
CREB3L1,,"TSG, fusion",myxofibrosarcoma,,0,1,TRUE,0,0,,1,1,0,,
CREB3L2,,"oncogene, fusion",fibromyxoid sarcoma,,1,0,FALSE,0,0,,0,1,0,,
CREBBP,,"oncogene, TSG, fusion","ALL, AML, DLBCL, B-NHL",TSG,1,1,TRUE,0,0,,1,1,0,,
CRKL,,,,oncogene,1,0,FALSE,0,0,,0,1,0,,
CRLF2,,"oncogene, fusion","B-ALL, Downs associated ALL",oncogene,1,0,FALSE,0,0,,0,1,0,,
CRTC1,,"oncogene, fusion",salivary gland mucoepidermoid,,1,0,FALSE,0,0,,0,1,0,,
CRTC3,,fusion,salivary gland mucoepidermoid,,0,0,FALSE,0,0,,0,1,0,,
CSF1R,,oncogene,"MDS, CML, AML, hemangioblastoma, CCRCC",,1,0,FALSE,0,0,,0,1,0,,
CSF3R,,oncogene,"aCML, CNL,  leukaemia lymphoma and MDS associated with severe congenital neutropenia, CMML, de novo AML, MDS",oncogene,1,0,TRUE,0,0,,0,1,0,,
CSMD3,,TSG,"ovarian cancer, oral SCC, lung cancer",,0,1,FALSE,0,0,,1,1,0,,
CTCF,,TSG,"endometrial, breast, head and neck cancer",TSG,0,1,TRUE,0,0,,1,1,0,,
CTLA4,,,,oncogene,1,0,FALSE,0,0,,0,1,0,,
CTNNA1,,"TSG, fusion","AML, MDS, cutaneous melanoma",,0,1,FALSE,0,0,,1,1,0,,
CTNNA2,,oncogene,gastric cancer,,1,0,FALSE,0,0,,0,1,0,,
CTNNB1,,"oncogene, fusion","colorectal, ovarian,  hepatoblastoma, pleomorphic salivary gland adenoma, other tumour types",oncogene,1,0,FALSE,0,0,,0,1,0,,
CTNND2,,oncogene,"prostae adenocarcinoma, GIST",,1,0,FALSE,0,0,,0,1,0,,
CTR9,,,,TSG,0,1,TRUE,0,0,,1,1,0,,
CUL3,,TSG,lung cancer,TSG,0,1,TRUE,0,0,,1,1,0,,
CUX1,,"oncogene, TSG","endometrial, melanoma, colorectal, AML, MDS, other tumour types",TSG,1,1,TRUE,0,0,,1,1,0,,
CXCR4,,oncogene,WM,oncogene,1,0,FALSE,0,0,,0,1,0,,
CYLD,,TSG,cylindroma,TSG,0,1,TRUE,0,0,,1,1,0,,
CYP19A1,,,,oncogene,1,0,FALSE,0,0,,0,1,0,,
CYSLTR2,,oncogene,uveal melanoma,oncogene,1,0,FALSE,0,0,,0,1,0,,
DAXX,,"oncogene, TSG","pancreatic neuroendocrine tumour, paediatric glioblastoma",TSG,1,1,TRUE,0,0,,1,1,0,,
DCTN1,,fusion,"inflammatory myofibroblastic tumour, Spitzoid tumour",,0,0,FALSE,0,0,,0,1,0,,
DCUN1D1,,,,oncogene,1,0,FALSE,0,0,,0,1,0,,
DDB2,,"oncogene, TSG",,,1,1,TRUE,0,0,,1,1,0,,
DDIT3,,"oncogene, fusion",liposarcoma,,1,0,FALSE,0,0,,0,1,0,,
DDR2,,oncogene,"squamous cell carcinoma, NSCLC",oncogene,1,0,FALSE,0,0,,0,1,0,,
DDX10,,"TSG, fusion",AML*,,0,1,FALSE,0,0,,1,1,0,,
DDX3X,,TSG,"CLL, medulloblastoma",TSG,0,1,TRUE,0,0,,1,1,0,,
DDX4,,,,oncogene,1,0,FALSE,0,0,,0,1,0,,
DDX41,,,,TSG,0,1,FALSE,0,0,,1,1,0,,
DDX5,,"oncogene, fusion",prostate,,1,0,FALSE,0,0,,0,1,0,,
DDX6,,"oncogene, fusion",B-NHL,,1,0,FALSE,0,0,,0,1,0,,
DEK,,"oncogene, fusion",AML,oncogene,1,0,FALSE,0,0,,0,1,0,,
DGCR8,,oncogene,Wilms tumour,,1,0,FALSE,0,0,,0,1,0,,
DICER1,,TSG,"sex cord-stromal tumour, TGCT, embryonal rhabdomyosarcoma, pleuropulmonary blastoma, pituitary blastoma, Wilms tumour, thyroid cancer, other tumour types",TSG,0,1,TRUE,0,0,,1,1,0,,
DIS3,,,,TSG,0,1,TRUE,0,0,,1,1,0,,
DNAJB1,,fusion,fibrolamellar hepatocellular carcinoma,,0,0,FALSE,0,0,,0,1,0,,
DNM2,,TSG,T-ALL,,0,1,TRUE,0,0,,1,1,0,,
DNMT1,,,,oncogene,1,0,FALSE,0,0,,0,1,0,,
DNMT3A,,TSG,AML,TSG,0,1,TRUE,0,0,,1,1,0,,
DNMT3B,,,,TSG,0,1,TRUE,0,0,,1,1,0,,
DOT1L,,,,oncogene,1,0,FALSE,0,0,,0,1,0,,
DROSHA,,TSG,"Wilms tumour, NSCLC, bladder carcinoma",,0,1,TRUE,0,0,,1,1,0,,
DTX1,,,,TSG,0,1,TRUE,0,0,,1,1,0,,
DUSP22,,,,TSG,0,1,TRUE,0,0,,1,1,0,,
DUSP4,,,,TSG,0,1,TRUE,0,0,,1,1,0,,
DUX4L1,,fusion,soft tissue sarcoma,,0,0,FALSE,0,0,,0,1,0,,
E2F3,,,,oncogene,1,0,FALSE,0,0,,0,1,0,,
EBF1,,"TSG, fusion",lipoma,,0,1,FALSE,0,0,,1,1,0,,
ECT2L,,,ETP ALL,TSG,0,1,TRUE,0,0,,1,1,0,,
EED,,TSG,"malignant peripheral nerve sheath tumours, MDS and related, lung adenocarcinoma",TSG,0,1,TRUE,0,0,,1,1,0,,
EGFL7,,,,oncogene,1,0,FALSE,0,0,,0,1,0,,
EGFR,,oncogene,"glioma, NSCLC",oncogene,1,0,FALSE,0,0,,0,1,0,,
EGR1,,,,TSG,0,1,TRUE,0,0,,1,1,0,,
EIF3E,,"TSG, fusion",colorectal,,0,1,FALSE,0,0,,1,1,0,,
EIF4A2,,fusion,NHL,oncogene,1,0,FALSE,0,0,,0,1,0,,
EIF4E,,,,oncogene,1,0,FALSE,0,0,,0,1,0,,
ELF3,,TSG,pancreatic cancer,"TSG, oncogene",1,1,TRUE,0,0,,1,1,0,,
ELF4,,"oncogene, TSG, fusion",AML,,1,1,FALSE,0,0,,1,1,0,,
ELK4,,"oncogene, fusion",prostate,,1,0,FALSE,0,0,,0,1,0,,
ELL,,"TSG, fusion",AL,,0,1,FALSE,0,0,,1,1,0,,
ELN,,fusion,B-ALL,,0,0,FALSE,0,0,,0,1,0,,
EML4,,fusion,NSCLC,,0,0,FALSE,0,0,,0,1,0,,
EP300,,"TSG, fusion","colorectal, breast, pancreatic, AML, ALL, DLBCL",TSG,0,1,TRUE,0,0,,1,1,0,,
EP400,,,,TSG,0,1,TRUE,0,0,,1,1,0,,
EPAS1,,"oncogene, TSG","paraganglioma, pheochromocytoma, central nervous system hemangioblastomas",,1,1,TRUE,0,0,,1,1,0,,
EPCAM,,,,TSG,0,1,TRUE,0,0,,1,1,0,,
EPHA3,,,"lung cancer, CRC, melanoma",TSG,0,1,TRUE,0,0,,1,1,0,,
EPHA7,,,"CRC, melanoma","TSG, oncogene",1,1,TRUE,0,0,,1,1,0,,
EPHB1,,,,TSG,0,1,TRUE,0,0,,1,1,0,,
EPOR,,,,oncogene,1,0,FALSE,0,0,,0,1,0,,
EPS15,,"TSG, fusion",ALL,,0,1,FALSE,0,0,,1,1,0,,
ERBB2,,"oncogene, fusion","breast, ovarian, other tumour types, NSCLC, gastric",oncogene,1,0,FALSE,0,0,,0,1,0,,
ERBB3,,oncogene,"colon, gastric, head and neck, bladder, skin",oncogene,1,0,FALSE,0,0,,0,1,0,,
ERBB4,,"oncogene, TSG","melanoma, gastric, NSCLC",oncogene,1,1,TRUE,0,1,,0,1,0,Brian Will Update,
ERC1,,fusion,"papillary thyroid, Spitzoid tumour",,0,0,FALSE,0,0,,0,1,0,,
ERCC2,,TSG,,TSG,0,1,TRUE,0,0,,1,1,0,,
ERCC3,,TSG,,TSG,0,1,TRUE,0,0,,1,1,0,,
ERCC4,,TSG,,TSG,0,1,TRUE,0,0,,1,1,0,,
ERCC5,,TSG,,TSG,0,1,TRUE,0,0,,1,1,0,,
ERF,,,,TSG,0,1,TRUE,0,0,,1,1,0,,
ERG,,"oncogene, fusion","Ewing sarcoma, prostate, AML",oncogene,1,0,FALSE,0,0,,0,1,0,,
ERRFI1,,,,TSG,0,1,TRUE,0,0,,1,1,0,,
ESCO2,,,,TSG,0,1,TRUE,0,0,,1,1,0,,
ESR1,,"oncogene, TSG, fusion",breast,oncogene,1,1,FALSE,0,1,,0,1,0,Brian Will Update,
ETAA1,,,,TSG,0,1,TRUE,0,0,,1,1,0,,
ETNK1,,TSG,"aCML, CMML, SM-AHD, HES",,0,1,TRUE,0,0,,1,1,0,,
ETV1,,"oncogene, fusion","Ewing sarcoma, prostate",oncogene,1,0,FALSE,0,0,,0,1,0,,
ETV4,,"oncogene, fusion","Ewing sarcoma, prostate carcinoma",oncogene,1,0,FALSE,0,0,,0,1,0,,
ETV5,,"oncogene, fusion",prostate,oncogene,1,0,FALSE,0,0,,0,1,0,,
ETV6,,"TSG, fusion","congenital fibrosarcoma, multiple different leukaemia and lymphoma tumour types including ALL, secretory breast, MDS",TSG,0,1,TRUE,0,0,,1,1,0,,
EWSR1,,"oncogene, fusion","Ewing sarcoma, desmoplastic small round cell tumour , ALL, clear cell sarcoma, sarcoma, myoepithelioma, mesothelioma",oncogene,1,0,FALSE,0,0,,0,1,0,,
EXT1,,"TSG, fusion",,TSG,0,1,FALSE,0,0,,1,1,0,,
EXT2,,TSG,,,0,1,TRUE,0,0,,1,1,0,,
EZH1,,,,oncogene,1,0,FALSE,0,0,,0,1,0,,
EZH2,,"oncogene, TSG",DLBCL,"TSG, oncogene",1,1,TRUE,0,0,,1,1,0,,
EZHIP,,,,oncogene,1,0,FALSE,0,0,,0,1,0,,
EZR,,fusion,NSCLC,,0,0,FALSE,0,0,,0,1,0,,
FAM131B,,fusion,pilocytic astrocytoma,,0,0,FALSE,0,0,,0,1,0,,
FANCA,,TSG,,TSG,0,1,TRUE,0,0,,1,1,0,,
FANCC,,TSG,,TSG,0,1,TRUE,0,0,,1,1,0,,
FANCD2,,TSG,,TSG,0,1,TRUE,0,0,,1,1,0,,
FANCE,,TSG,,,0,1,TRUE,0,0,,1,1,0,,
FANCF,,TSG,,,0,1,TRUE,0,0,,1,1,0,,
FANCG,,TSG,,,0,1,TRUE,0,0,,1,1,0,,
FANCL,,,,TSG,0,1,FALSE,0,0,,1,1,0,,
FAS,,TSG,"TGCT, nasal NK/T lymphoma, skin squamous cell carcinoma-burn scar related",TSG,0,1,TRUE,0,0,,1,1,0,,
FAT1,,TSG,"oral squamous cell, chemorefractory CLL, head and neck, pancreatic acinar cell carcinoma",TSG,0,1,TRUE,0,0,,1,1,0,,
FAT4,,TSG,"lymphoma, pancreatic, head and neck, melanoma, hepatocellular carcinoma",,0,1,TRUE,0,0,,1,1,0,,
FBLN2,,TSG,"breast cancer, colorectal adenocarcinoma",,0,1,FALSE,0,0,,1,1,0,,
FBXO11,,TSG,DLBCL,TSG,0,1,TRUE,0,0,,1,1,0,,
FBXW7,,TSG,"colorectal, endometrial, T-ALL",TSG,0,1,TRUE,0,0,,1,1,0,,
FCGR2B,,"oncogene, fusion",ALL,,1,0,FALSE,0,0,,0,1,0,,
FCRL4,,"oncogene, fusion",B-NHL,,1,0,FALSE,0,0,,0,1,0,,
FES,,"oncogene, TSG","HNSCC, ovarian carcinoma",,1,1,TRUE,0,0,,1,1,0,,
FEV,,"oncogene, fusion",Ewing sarcoma,,1,0,FALSE,0,0,,0,1,0,,
FGF19,,,,oncogene,1,0,FALSE,0,0,,0,1,0,,
FGF3,,,,oncogene,1,0,FALSE,0,0,,0,1,0,,
FGF4,,,,oncogene,1,0,FALSE,0,0,,0,1,0,,
FGFR1,,"oncogene, fusion","MPN, NHL, salivary adenoma",oncogene,1,0,FALSE,0,0,,0,1,0,,
FGFR1OP,,fusion,"MPN, NHL",,0,0,FALSE,0,0,,0,1,0,,
FGFR2,,"oncogene, fusion","gastric, NSCLC, endometrial",oncogene,1,0,FALSE,0,0,,0,1,0,,
FGFR3,,"oncogene, fusion","bladder, MM, T-cell lymphoma",oncogene,1,0,FALSE,0,0,,0,1,0,,
FGFR4,,oncogene,rhabdomyosarcoma,oncogene,1,0,FALSE,0,0,,0,1,0,,
FH,,TSG,,TSG,0,1,TRUE,0,0,,1,1,0,,
FHIT,,"TSG, fusion",pleomorphic salivary gland adenoma,,0,1,TRUE,0,0,,1,1,0,,
FIP1L1,,fusion,idiopathic hypereosinophilic syndrome,,0,0,FALSE,0,0,,0,1,0,,
FLCN,,TSG,,TSG,0,1,TRUE,0,0,,1,1,0,,
FLI1,,"oncogene, fusion",Ewing sarcoma,oncogene,1,0,FALSE,0,0,,0,1,0,,
FLT1,,,,oncogene,1,0,FALSE,0,0,,0,1,0,,
FLT3,,oncogene,"AML, ALL",oncogene,1,0,TRUE,0,0,,0,1,0,,
FLT4,,oncogene,soft tissue sarcoma,oncogene,1,0,TRUE,0,0,,0,1,0,,
FNBP1,,fusion,AML,,0,0,FALSE,0,0,,0,1,0,,
FOXA1,,oncogene,"breast, prostate","TSG, oncogene",1,1,TRUE,0,0,,1,1,0,,
FOXF1,,,,"TSG, oncogene",1,1,TRUE,0,0,,1,1,0,,
FOXL2,,"oncogene, TSG",granulosa-cell tumour of the ovary,"TSG, oncogene",1,1,TRUE,0,0,,1,1,0,,
FOXO1,,"oncogene, TSG, fusion",alveolar rhabdomyosarcoma,TSG,1,1,TRUE,0,0,,1,1,0,,
FOXO3,,"oncogene, TSG, fusion",AL,,1,1,TRUE,0,0,,1,1,0,,
FOXO4,,"oncogene, TSG, fusion","AL, soft tissue sarcoma",,1,1,TRUE,0,0,,1,1,0,,
FOXP1,,"oncogene, fusion",ALL,"TSG, oncogene",1,1,TRUE,0,0,,1,1,0,,
FOXR1,,"oncogene, fusion",neuroblastoma,,1,0,FALSE,0,0,,0,1,0,,
FSTL3,,"oncogene, fusion",B-CLL,,1,0,FALSE,0,0,,0,1,0,,
FUBP1,,oncogene,oligodendroglioma,TSG,1,1,TRUE,0,0,,1,1,0,,
FURIN,,,,oncogene,1,0,FALSE,0,0,,0,1,0,,
FUS,,"TSG, fusion","liposarcoma, AML, Ewing sarcoma, angiomatoid fibrous histiocytoma, fibromyxoid sarcoma",,0,1,FALSE,0,0,,1,1,0,,
FYN,,,,oncogene,1,0,FALSE,0,0,,0,1,0,,
GAB1,,,,oncogene,1,0,FALSE,0,0,,0,1,0,,
GAB2,,,,oncogene,1,0,FALSE,0,0,,0,1,0,,
GAS7,,fusion,AML*,,0,0,FALSE,0,0,,0,1,0,,
GATA1,,"oncogene, TSG",megakaryoblastic leukaemia of Downs syndrome,,1,1,TRUE,0,0,,1,1,0,,
GATA2,,oncogene,AML (CML blast transformation),oncogene,1,0,TRUE,0,0,,0,1,0,,
GATA3,,"oncogene, TSG",breast,"TSG, oncogene",1,1,TRUE,0,0,,1,1,0,,
GLI1,,"oncogene, fusion","CRC, oesophagus cancer",oncogene,1,0,TRUE,0,0,,0,1,0,,
GMPS,,fusion,AML,,0,0,FALSE,0,0,,0,1,0,,
GNA11,,oncogene,"uveal melanoma, primary central nervous system melanocytic neoplasms",oncogene,1,0,FALSE,0,0,,0,1,0,,
GNA12,,,,oncogene,1,0,FALSE,0,0,,0,1,0,,
GNA13,,,,oncogene,1,0,FALSE,0,0,,0,1,0,,
GNAQ,,oncogene,"uveal melanoma, primary central nervous system melanocytic neoplasms",oncogene,1,0,TRUE,0,0,,0,1,0,,
GNAS,,oncogene,"pituitary adenoma, pancreatic intraductal papillary mucinous neoplasm, fibrous dysplasia",oncogene,1,0,TRUE,0,0,,0,1,0,,
GNB1,,,,oncogene,1,0,TRUE,0,0,,0,1,0,,
GOLGA5,,fusion,"papillary thyroid, Spitzoid tumour",,0,0,FALSE,0,0,,0,1,0,,
GOPC,,fusion,"glioblastoma, cholangiocarcinoma, borderline ovarian",,0,0,FALSE,0,0,,0,1,0,,
GPHN,,fusion,AL,,0,0,FALSE,0,0,,0,1,0,,
GPS2,,,,TSG,0,1,TRUE,0,0,,1,1,0,,
GREM1,,,,oncogene,1,0,FALSE,0,0,,0,1,0,,
GRIN2A,,TSG,"melanoma, colorectal carcinoma, gastric carcinoma, lung carcinoma",TSG,0,1,TRUE,0,0,,1,1,0,,
GRM3,,oncogene,"melanoma, oral SCC",,1,0,FALSE,0,0,,0,1,0,,
GSK3B,,,,oncogene,1,0,FALSE,0,0,,0,1,0,,
GTF2I,,,,oncogene,1,0,FALSE,0,0,,0,1,0,,
H1-3,,,,TSG,0,1,FALSE,0,0,,1,1,0,,
H1-4,,,,oncogene,1,0,FALSE,0,0,,0,1,0,,
H1-5,,,,TSG,0,1,FALSE,0,0,,1,1,0,,
H2AC17,,,,oncogene,1,0,FALSE,0,0,,0,1,0,,
H3-3A,,,,oncogene,1,0,FALSE,0,0,,0,1,0,,
H3F3A,,oncogene,glioma,,1,0,TRUE,0,0,,0,1,0,,
H3F3B,,oncogene,chondroblastoma,,1,0,TRUE,0,0,,0,1,0,,
HDAC1,,,,oncogene,1,0,FALSE,0,0,,0,1,0,,
HDAC4,,,,"TSG, oncogene",1,1,TRUE,0,0,,1,1,0,,
HDAC7,,,,oncogene,1,0,FALSE,0,0,,0,1,0,,
HERPUD1,,fusion,prostate,,0,0,FALSE,0,0,,0,1,0,,
HEY1,,"oncogene, fusion",mesenchymal chondrosarcoma,,1,0,FALSE,0,0,,0,1,0,,
HGF,,,,oncogene,1,0,FALSE,0,0,,0,1,0,,
HIF1A,,oncogene,"endometrioid carcinoma, glioblastoma, colorectal, renal, lung, pancreatic",oncogene,1,0,FALSE,0,0,,0,1,0,,
HIP1,,"oncogene, fusion","CMML, NSCLC",,1,0,FALSE,0,0,,0,1,0,,
HIST1H3B,,oncogene,glioma,,1,0,FALSE,0,0,,0,1,0,,
HIST1H4I,,fusion,NHL,,0,0,FALSE,0,0,,0,1,0,,
HLA-A,,fusion,Spitzoid tumour,TSG,0,1,TRUE,0,0,,1,1,0,,
HLA-B,,,,TSG,0,1,TRUE,0,0,,1,1,0,,
HLA-C,,,,TSG,0,1,TRUE,0,0,,1,1,0,,
HLF,,"oncogene, fusion",ALL,,1,0,FALSE,0,0,,0,1,0,,
HMGA1,,"oncogene, fusion","microfollicular thyroid adenoma, various benign mesenchymal tumours",,1,0,FALSE,0,0,,0,1,0,,
HMGA2,,"oncogene, fusion","lipoma, leiomyoma, pleomorphic salivary gland adenoma",,1,0,FALSE,0,0,,0,1,0,,
HMGN2P46,,fusion,prostate,,0,0,FALSE,0,0,,0,1,0,,
HNF1A,,TSG,"hepatic adenoma, hepatocellular",TSG,0,1,TRUE,0,0,,1,1,0,,
HNRNPA2B1,,"oncogene, fusion",prostate,,1,0,FALSE,0,0,,0,1,0,,
HOOK3,,fusion,papillary thyroid,,0,0,FALSE,0,0,,0,1,0,,
HOXA11,,"oncogene, TSG, fusion",CML,,1,1,FALSE,0,0,,1,1,0,,
HOXA13,,"oncogene, fusion",AML,,1,0,FALSE,0,0,,0,1,0,,
HOXA9,,"oncogene, TSG, fusion",AML*,,1,1,FALSE,0,1,,0,1,0,Brian Will Update,
HOXB13,,,,"TSG, oncogene",1,1,TRUE,0,0,,1,1,0,,
HOXC11,,"oncogene, fusion",AML,,1,0,FALSE,0,0,,0,1,0,,
HOXC13,,"oncogene, fusion",AML,,1,0,FALSE,0,0,,0,1,0,,
HOXD11,,"oncogene, fusion",AML,,1,0,FALSE,0,0,,0,1,0,,
HOXD13,,"oncogene, fusion",AML*,,1,0,FALSE,0,0,,0,1,0,,
HRAS,,oncogene,"infrequent sarcomas, rare other tumour types",oncogene,1,0,FALSE,0,0,,0,1,0,,
HSP90AA1,,fusion,NHL,,0,0,FALSE,0,0,,0,1,0,,
HSP90AB1,,fusion,NHL,,0,0,FALSE,0,0,,0,1,0,,
ICOSLG,,,,oncogene,1,0,FALSE,0,0,,0,1,0,,
ID3,,TSG,Burkitt lymphoma,TSG,0,1,TRUE,0,0,,1,1,0,,
IDH1,Isocitrate Dehydrogenase,oncogene,glioblastoma,oncogene,1,0,TRUE,0,0,,0,1,0,,
IDH2,,oncogene,glioblastoma,oncogene,1,0,TRUE,0,0,,0,1,0,,
IFNGR1,,,,TSG,0,1,TRUE,0,0,,1,1,0,,
IGF1,,,,oncogene,1,0,FALSE,0,0,,0,1,0,,
IGF1R,,,,oncogene,1,0,FALSE,0,0,,0,1,0,,
IGF2,,,,oncogene,1,0,FALSE,0,0,,0,1,0,,
IGF2BP2,,TSG,lymphoma,,0,1,FALSE,0,0,,1,1,0,,
IGH,,fusion,"MM, Burkitt lymphoma, NHL, CLL, B-ALL, MALT, MLCLS",,0,0,FALSE,0,0,,0,1,0,,
IGK,,fusion,"Burkitt lymphoma, B-NHL",,0,0,FALSE,0,0,,0,1,0,,
IGL,,fusion,Burkitt lymphoma,,0,0,FALSE,0,0,,0,1,0,,
IKBKB,,oncogene,SMZL,,1,0,FALSE,0,0,,0,1,0,,
IKBKE,,,,oncogene,1,0,FALSE,0,0,,0,1,0,,
IKZF1,,"TSG, fusion","ALL, DLBCL",,0,1,TRUE,0,0,,1,1,0,,
IKZF3,,"oncogene, TSG, fusion","B-ALL, CLL, breast cancer, colorectal cancer","TSG, oncogene",1,1,TRUE,0,0,,1,1,0,,
IL2,,fusion,intestinal T-cell lymphoma,,0,0,FALSE,0,0,,0,1,0,,
IL21R,,fusion,NHL,,0,0,FALSE,0,0,,0,1,0,,
IL3,,,,oncogene,1,0,FALSE,0,0,,0,1,0,,
IL6ST,,oncogene,hepatocellular carcinoma,oncogene,1,0,FALSE,0,0,,0,1,0,,
IL7R,,oncogene,"ALL, ETP ALL",oncogene,1,0,FALSE,0,0,,0,1,0,,
INHA,,,,TSG,0,1,TRUE,0,0,,1,1,0,,
INHBA,,,,"TSG, oncogene",1,1,TRUE,0,0,,1,1,0,,
INPP4B,,,,TSG,0,1,TRUE,0,0,,1,1,0,,
INPPL1,,,,TSG,0,1,TRUE,0,0,,1,1,0,,
INSR,,,,oncogene,1,0,FALSE,0,0,,0,1,0,,
IRF1,,,,TSG,0,1,TRUE,0,0,,1,1,0,,
IRF4,,"oncogene, TSG, fusion",MM,oncogene,1,1,TRUE,0,1,,0,1,0,Brian Will Update,
IRF8,,,,TSG,0,1,TRUE,0,0,,1,1,0,,
IRS1,,,,oncogene,1,0,FALSE,0,0,,0,1,0,,
IRS2,,,,oncogene,1,0,FALSE,0,0,,0,1,0,,
IRS4,,"oncogene, TSG","glioma, rhabdomyosarcoma, melanoma, breast cancer, T-ALL",,1,1,FALSE,0,1,,0,1,0,Brian Will Update,
ITK,,fusion,peripheral T-cell lymphoma,,0,0,FALSE,0,0,,0,1,0,,
JAK1,,"oncogene, TSG",ALL,"TSG, oncogene",1,1,TRUE,0,0,,1,1,0,,
JAK2,,"oncogene, fusion","ALL, AML, MPN,  CML",oncogene,1,0,TRUE,0,0,,0,1,0,,
JAK3,,oncogene,"acute megakaryocytic leukaemia, ETP ALL",oncogene,1,0,TRUE,0,0,,0,1,0,,
JARID2,,,,"TSG, oncogene",1,1,TRUE,0,0,,1,1,0,,
JAZF1,,fusion,endometrial stromal tumour,,0,0,FALSE,0,0,,0,1,0,,
JUN,,oncogene,sarcoma,oncogene,1,0,FALSE,0,0,,0,1,0,,
KAT6A,,"oncogene, fusion",AML,,1,0,FALSE,0,0,,0,1,0,,
KAT6B,,"TSG, fusion","AML, leiomyoma",,0,1,FALSE,0,0,,1,1,0,,
KAT7,,oncogene,CCRCC,,1,0,FALSE,0,0,,0,1,0,,
KCNJ5,,oncogene,adrenal adenoma,,1,0,FALSE,0,0,,0,1,0,,
KDM5A,,"oncogene, fusion",AML,oncogene,1,0,TRUE,0,0,,0,1,0,,
KDM5C,,TSG,clear cell renal carcinoma,TSG,0,1,TRUE,0,0,,1,1,0,,
KDM6A,,"oncogene, TSG","renal cell carcinoma, bladder carcinoma, oesophageal SCC, MM, medulloblastoma, T-ALL, other tumour types",TSG,1,1,TRUE,0,0,,1,1,0,,
KDR,,oncogene,"NSCLC, angiosarcoma",oncogene,1,0,TRUE,0,0,,0,1,0,,
KDSR,,fusion,B-NHL,,0,0,FALSE,0,0,,0,1,0,,
KEAP1,,TSG,"NSCLC, breast carcinoma",TSG,0,1,TRUE,0,0,,1,1,0,,
KIAA1549,,fusion,pilocytic astrocytoma,,0,0,FALSE,0,0,,0,1,0,,
KIF5B,,fusion,"NSCLC, Spitzoid tumour",,0,0,FALSE,0,0,,0,1,0,,
KIT,,oncogene,"GIST, AML, TGCT, mastocytosis, mucosal melanoma",oncogene,1,0,TRUE,0,0,,0,1,0,,
KLF2,,,,TSG,0,1,TRUE,0,0,,1,1,0,,
KLF3,,,,TSG,0,1,FALSE,0,0,,1,1,0,,
KLF4,,"oncogene, TSG",meningioma,"TSG, oncogene",1,1,TRUE,0,0,,1,1,0,,
KLF5,,,,oncogene,1,0,FALSE,0,0,,0,1,0,,
KLF6,,TSG,"prostate, glioma",,0,1,TRUE,0,0,,1,1,0,,
KLK2,,fusion,prostate,,0,0,FALSE,0,0,,0,1,0,,
KMT2A,Histone Methlytransferase (H3K4),"oncogene, fusion","AML, ALL",TSG,1,1,TRUE,0,0,,1,1,0,,
KMT2B,Histone Methlytransferase (H3K4),,,TSG,0,1,TRUE,0,0,,1,1,0,,
KMT2C,Histone Methlytransferase (H3K4),TSG,medulloblastoma,TSG,0,1,TRUE,0,0,,1,1,0,,
KMT2D,Histone Methlytransferase (H3K4),"oncogene, TSG","medulloblastoma, renal",TSG,1,1,TRUE,0,0,,1,1,0,,
KNL1,,"TSG, fusion",AML,,0,1,FALSE,0,0,,1,1,0,,
KNSTRN,,oncogene,SCC,,1,0,FALSE,0,0,,0,1,0,,
KRAS,,oncogene,"pancreatic, colorectal, lung, thyroid, AML, other tumour types",oncogene,1,0,TRUE,0,0,,0,1,0,,
KSR2,,,,oncogene,1,0,FALSE,0,0,,0,1,0,,
KTN1,,fusion,papillary thyroid,,0,0,FALSE,0,0,,0,1,0,,
LARP4B,,TSG,"CRC, glioma",,0,1,FALSE,0,0,,1,1,0,,
LASP1,,fusion,AML,,0,0,FALSE,0,0,,0,1,0,,
LATS1,,TSG,skin basal cell carcinoma,TSG,0,1,TRUE,0,0,,1,1,0,,
LATS2,,TSG,malignant mesothelioma,TSG,0,1,TRUE,0,0,,1,1,0,,
LCK,,"oncogene, fusion",T-ALL,oncogene,1,0,FALSE,0,0,,0,1,0,,
LCP1,,fusion,NHL,,0,0,FALSE,0,0,,0,1,0,,
LEF1,,"oncogene, TSG","B-ALL, T-ALL, eyelid sebaceous carcinoma, AML, lymphomas",,1,1,TRUE,0,1,,0,1,0,Brian Will Update,
LHFPL6,,fusion,lipoma,,0,0,FALSE,0,0,,0,1,0,,
LIFR,,fusion,salivary adenoma,,0,0,FALSE,0,0,,0,1,0,,
LMNA,,fusion,Spitzoid tumour,,0,0,FALSE,0,0,,0,1,0,,
LMO1,,"oncogene, fusion","T-ALL, neuroblastoma",oncogene,1,0,FALSE,0,0,,0,1,0,,
LMO2,,"oncogene, fusion",T-ALL,oncogene,1,0,FALSE,0,0,,0,1,0,,
LPP,,"oncogene, fusion","lipoma, leukaemia",,1,0,FALSE,0,0,,0,1,0,,
LRP1B,,TSG,"CLL, ovarian cancer, oesophageal squamous cell carcinoma, urothelial cancer",,0,1,TRUE,0,0,,1,1,0,,
LRP5,,,,"TSG, oncogene",1,1,TRUE,0,0,,1,1,0,,
LRP6,,,,oncogene,1,0,FALSE,0,0,,0,1,0,,
LSM14A,,fusion,Spitzoid tumour,,0,0,FALSE,0,0,,0,1,0,,
LTB,,,,"TSG, oncogene",1,1,TRUE,0,0,,1,1,0,,
LTK,,,,oncogene,1,0,FALSE,0,0,,0,1,0,,
LYL1,,"oncogene, fusion",T-ALL,,1,0,FALSE,0,0,,0,1,0,,
LYN,,"oncogene, fusion","DLBCL, B-ALL, MPN",oncogene,1,0,FALSE,0,0,,0,1,0,,
LZTR1,,TSG,glioblastoma,TSG,0,1,TRUE,0,0,,1,1,0,,
MACC1,,oncogene,"liver, CRC",,1,0,FALSE,0,0,,0,1,0,,
MAD2L2,,,,"TSG, oncogene",1,1,TRUE,0,0,,1,1,0,,
MAF,,"oncogene, fusion",MM,,1,0,FALSE,0,0,,0,1,0,,
MAFB,,"oncogene, fusion",MM,oncogene,1,0,FALSE,0,0,,0,1,0,,
MALT1,,"oncogene, fusion",MALT,,1,0,FALSE,0,0,,0,1,0,,
MAML2,,"oncogene, fusion",salivary gland mucoepidermoid,,1,0,FALSE,0,0,,0,1,0,,
MAP2K1,,oncogene,"NSCLC, melanoma, colorectal",oncogene,1,0,FALSE,0,0,,0,1,0,,
MAP2K2,,oncogene,"NSCLC, melanoma",oncogene,1,0,FALSE,0,0,,0,1,0,,
MAP2K4,,"oncogene, TSG","pancreatic, breast, colorectal",TSG,1,1,TRUE,0,0,,1,1,0,,
MAP3K1,,"oncogene, TSG",luminal A breast,TSG,1,1,TRUE,0,0,,1,1,0,,
MAP3K13,,"oncogene, TSG",breast,oncogene,1,1,TRUE,0,1,,0,1,0,Brian Will Update,
MAP3K14,,,,oncogene,1,0,FALSE,0,0,,0,1,0,,
MAPK1,,oncogene,"CLL, ovarian mixed germ cell tumour, cervical carcinoma",oncogene,1,0,FALSE,0,0,,0,1,0,,
MAPK3,,,,oncogene,1,0,FALSE,0,0,,0,1,0,,
MAX,,TSG,"pheochromocytoma, endometrioid carcinoma, colon carcinoma",TSG,0,1,TRUE,0,0,,1,1,0,,
MBD6,,,,TSG,0,1,FALSE,0,0,,1,1,0,,
MCL1,,,,oncogene,1,0,FALSE,0,0,,0,1,0,,
MDM2,,oncogene,"sarcoma, glioma, colorectal, other tumour types",oncogene,1,0,FALSE,0,0,,0,1,0,,
MDM4,,oncogene,"glioblastoma, bladder, retinoblastoma",oncogene,1,0,FALSE,0,0,,0,1,0,,
MDS2,,fusion,MDS,,0,0,FALSE,0,0,,0,1,0,,
MECOM,,"oncogene, fusion","AML, CML, MDS",oncogene,1,0,FALSE,0,0,,0,1,0,,
MED12,,TSG,"uterine leiomyoma, fibroadenoma, phyllodes tumour","TSG, oncogene",1,1,TRUE,0,0,,1,1,0,,
MEF2B,,,,oncogene,1,0,FALSE,0,0,,0,1,0,,
MEF2D,,,,oncogene,1,0,FALSE,0,0,,0,1,0,,
MEN1,,TSG,"parathyroid tumours, pancreatic neuroendocrine tumour",TSG,0,1,TRUE,0,0,,1,1,0,,
MET,,oncogene,"papillary renal, head-neck squamous cell",oncogene,1,0,TRUE,0,0,,0,1,0,,
MGA,,,,TSG,0,1,TRUE,0,0,,1,1,0,,
MGAM,,,,oncogene,1,0,FALSE,0,0,,0,1,0,,
MGMT,,TSG,glioma,,0,1,FALSE,0,0,,1,1,0,,
MIDEAS,,,,TSG,0,1,FALSE,0,0,,1,1,0,,
MITF,,oncogene,melanoma,"TSG, oncogene",1,1,TRUE,0,0,,1,1,0,,
MLF1,,"TSG, fusion",AML,,0,1,FALSE,0,1,,0,1,0,Brian Will Update,
MLH1,,TSG,"colorectal, endometrial, ovarian, CNS tumours",TSG,0,1,TRUE,0,0,,1,1,0,,
MLLT1,,fusion,AL,,0,0,FALSE,0,0,,0,1,0,,
MLLT10,,"oncogene, fusion",AL,oncogene,1,0,FALSE,0,0,,0,1,0,,
MLLT11,,fusion,ALL,,0,0,FALSE,0,0,,0,1,0,,
MLLT3,,fusion,ALL,,0,0,FALSE,0,0,,0,1,0,,
MLLT6,,fusion,AL,,0,0,FALSE,0,0,,0,1,0,,
MN1,,"oncogene, fusion","AML, MDS",,1,0,TRUE,0,0,,0,1,0,,
MNX1,,fusion,AML,,0,0,FALSE,0,0,,0,1,0,,
MOB3B,,,,TSG,0,1,TRUE,0,0,,1,1,0,,
MPL,,oncogene,MPN,oncogene,1,0,TRUE,0,0,,0,1,0,,
MRE11,,,,TSG,0,1,TRUE,0,0,,1,1,0,,
MRTFA,,"oncogene, TSG, fusion",acute megakaryocytic leukaemia,,1,1,FALSE,0,0,,1,1,0,,
MSH2,,TSG,"colorectal, endometrial, ovarian",TSG,0,1,TRUE,0,0,,1,1,0,,
MSH3,,,,TSG,0,1,TRUE,0,0,,1,1,0,,
MSH6,,TSG,colorectal,TSG,0,1,TRUE,0,0,,1,1,0,,
MSI1,,,,oncogene,1,0,FALSE,0,0,,0,1,0,,
MSI2,,"oncogene, fusion",CML,oncogene,1,0,FALSE,0,0,,0,1,0,,
MSN,,fusion,ALCL,,0,0,FALSE,0,0,,0,1,0,,
MST1,,,,TSG,0,1,TRUE,0,0,,1,1,0,,
MST1R,,,,oncogene,1,0,TRUE,0,0,,0,1,0,,
MTAP,,,,TSG,0,1,TRUE,0,0,,1,1,0,,
MTCP1,,"oncogene, fusion",T cell prolymphocytic leukaemia,,1,0,FALSE,0,0,,0,1,0,,
MTOR,,oncogene,"endometrial carcinoma, head and neck, clear cell renal cell carcinoma, anaplastic thyroid cancer, urothelial cell carcinoma, central nervous system tumours, testicular germ cell tumours and other tumour types",oncogene,1,0,TRUE,0,0,,0,1,0,,
MUC1,,fusion,B-NHL,,0,0,FALSE,0,0,,0,1,0,,
MUC16,,oncogene,"HNSCC, melanoma",,1,0,FALSE,0,0,,0,1,0,,
MUC4,,oncogene,HNSCC,,1,0,FALSE,0,0,,0,1,0,,
MUTYH,,TSG,,TSG,0,1,TRUE,0,0,,1,1,0,,
MYB,,"oncogene, fusion",adenoid cystic carcinoma,,1,0,FALSE,0,0,,0,1,0,,
MYC,,"oncogene, fusion","Burkitt lymphoma, amplified in other cancers, B-CLL",oncogene,1,0,TRUE,0,0,,0,1,0,,
MYCL,,oncogene,small cell lung carcinoma,oncogene,1,0,FALSE,0,0,,0,1,0,,
MYCN,,oncogene,"neuroblastoma, Wilms tumour",oncogene,1,0,FALSE,0,0,,0,1,0,,
MYD88,,oncogene,ABC-DLBCL,oncogene,1,0,TRUE,0,0,,0,1,0,,
MYH11,,fusion,AML,,0,0,FALSE,0,0,,0,1,0,,
MYH9,,"TSG, fusion",ALCL,,0,1,FALSE,0,1,,0,1,0,Brian Will Update,
MYO5A,,fusion,Spitzoid tumour,,0,0,FALSE,0,0,,0,1,0,,
MYOD1,,oncogene,embryonal rhabdomyosarcoma,TSG,1,1,FALSE,0,0,,1,1,0,,
N4BP2,,TSG,lung cancer,,0,1,FALSE,0,1,,0,1,0,Brian Will Update,
NAB2,,"TSG, fusion","solitary fibrous tumour, meningeal haemangiopericytoma",,0,1,FALSE,0,1,,0,1,0,Brian Will Update,
NACA,,fusion,NHL,,0,0,FALSE,0,0,,0,1,0,,
NADK,,,,oncogene,1,0,FALSE,0,0,,0,1,0,,
NBN,,TSG,,TSG,0,1,TRUE,0,0,,1,1,0,,
NCKIPSD,,fusion,ALL,,0,0,FALSE,0,0,,0,1,0,,
NCOA1,,fusion,alveolar rhabdomyosarcoma,,0,0,FALSE,0,0,,0,1,0,,
NCOA2,,"oncogene, fusion","AML, chondrosarcoma, rhabdomyosarcoma",,1,0,FALSE,0,0,,0,1,0,,
NCOA3,,,,oncogene,1,0,FALSE,0,0,,0,1,0,,
NCOA4,,"TSG, fusion",papillary thyroid,,0,1,FALSE,0,1,,0,1,0,Brian Will Update,
NCOR1,,TSG,breast,TSG,0,1,TRUE,0,0,,1,1,0,,
NCOR2,,TSG,prostate,,0,1,TRUE,0,0,,1,1,0,,
NCSTN,,,,oncogene,1,0,FALSE,0,0,,0,1,0,,
NDRG1,,"TSG, fusion",prostate,,0,1,FALSE,0,0,,1,1,0,,
NF1,,"TSG, fusion","neurofibroma, glioma",TSG,0,1,TRUE,0,0,,1,1,0,,
NF2,,TSG,"meningioma, acoustic neuroma, renal",TSG,0,1,TRUE,0,0,,1,1,0,,
NFATC2,,"oncogene, fusion",Ewing sarcoma,,1,0,FALSE,0,0,,0,1,0,,
NFE2,,,,oncogene,1,0,TRUE,0,0,,0,1,0,,
NFE2L2,,"oncogene, TSG","NSCLC, HNSCC",oncogene,1,1,TRUE,0,1,,0,1,0,Brian Will Update,
NFIB,,fusion,"adenoid cystic carcinoma, lipoma",,0,0,FALSE,0,0,,0,1,0,,
NFKB2,,"oncogene, TSG, fusion",B-NHL,,1,1,FALSE,0,1,,0,1,0,Brian Will Update,
NFKBIA,,,,TSG,0,1,TRUE,0,0,,1,1,0,,
NFKBIE,,TSG,"CLL, desmoplastic melanoma",,0,1,TRUE,0,0,,1,1,0,,
NIN,,fusion,MPN,,0,0,FALSE,0,0,,0,1,0,,
NKX2-1,,"oncogene, TSG",NSCLC,oncogene,1,1,TRUE,0,1,,0,1,0,Brian Will Update,
NKX3-1,,,,TSG,0,1,TRUE,0,0,,1,1,0,,
NONO,,fusion,papillary renal,,0,0,FALSE,0,0,,0,1,0,,
NOTCH1,,"oncogene, TSG, fusion","T-ALL, breast, bladder, skin SCC, lung SCC, head and neck SCC","TSG, oncogene",1,1,TRUE,0,0,,1,1,0,,
NOTCH2,,"oncogene, TSG","marginal zone lymphoma, DLBCL, bladder","TSG, oncogene",1,1,TRUE,0,0,,1,1,0,,
NOTCH3,,,,"TSG, oncogene",1,1,TRUE,0,0,,1,1,0,,
NOTCH4,,,,"TSG, oncogene",1,1,TRUE,0,0,,1,1,0,,
NPM1,,"oncogene, fusion","NHL, APL, AML",TSG,1,1,TRUE,0,0,,1,1,0,,
NR4A3,,"oncogene, fusion",extraskeletal myxoid chondrosarcoma,oncogene,1,0,FALSE,0,0,,0,1,0,,
NRAS,,oncogene,"melanoma, MM, AML, thyroid",oncogene,1,0,TRUE,0,0,,0,1,0,,
NRG1,,"TSG, fusion",NSCLC,oncogene,1,1,FALSE,0,1,,0,1,0,Brian Will Update,
NSD1,,fusion,AML,"TSG, oncogene",1,1,TRUE,0,0,,1,1,0,,
NSD2,,"oncogene, fusion",MM,oncogene,1,0,FALSE,0,0,,0,1,0,,
NSD3,,"oncogene, fusion",AML,,1,0,FALSE,0,0,,0,1,0,,
NT5C2,,oncogene,relapse ALL,oncogene,1,0,FALSE,0,0,,0,1,0,,
NTHL1,,TSG,,TSG,0,1,TRUE,0,0,,1,1,0,,
NTRK1,,"oncogene, TSG, fusion","papillary thyroid, Spitzoid tumour",oncogene,1,1,FALSE,0,1,,0,1,0,Brian Will Update,
NTRK2,,,,oncogene,1,0,FALSE,0,0,,0,1,0,,
NTRK3,,"oncogene, fusion","congenital fibrosarcoma, secretory breast",oncogene,1,0,TRUE,0,0,,0,1,0,,
NUF2,,,,oncogene,1,0,FALSE,0,0,,0,1,0,,
NUMA1,,fusion,APL,,0,0,FALSE,0,0,,0,1,0,,
NUP214,,fusion,"AML, T-ALL",,0,0,FALSE,0,0,,0,1,0,,
NUP98,,"oncogene, fusion",AML,oncogene,1,0,FALSE,0,0,,0,1,0,,
NUTM1,,"oncogene, fusion",lethal midline carcinoma,,1,0,FALSE,0,0,,0,1,0,,
NUTM2B,,fusion,endometrial stromal sarcoma,,0,0,FALSE,0,0,,0,1,0,,
NUTM2D,,fusion,endometrial stromal sarcoma,,0,0,FALSE,0,0,,0,1,0,,
OLIG2,,"oncogene, fusion",T-ALL,,1,0,FALSE,0,0,,0,1,0,,
OMD,,fusion,aneurysmal bone cyst,,0,0,FALSE,0,0,,0,1,0,,
P2RY8,,"oncogene, fusion","B-ALL, Down syndrome associated ALL",TSG,1,1,TRUE,0,0,,1,1,0,,
PABPC1,,"oncogene, TSG","HNSCC, biliary tract carcinoma",,1,1,FALSE,0,1,,0,1,0,Brian Will Update,
PAFAH1B2,,fusion,MLCLS,,0,0,FALSE,0,0,,0,1,0,,
PAK1,,,,oncogene,1,0,FALSE,0,0,,0,1,0,,
PAK5,,,,oncogene,1,0,FALSE,0,0,,0,1,0,,
PALB2,,TSG,,TSG,0,1,TRUE,0,0,,1,1,0,,
PARP1,,,,TSG,0,1,TRUE,0,0,,1,1,0,,
PATZ1,,"TSG, fusion",Ewing sarcoma,,0,1,FALSE,0,1,,0,1,0,Brian Will Update,
PAX3,,"oncogene, fusion",alveolar rhabdomyosarcoma,,1,0,FALSE,0,0,,0,1,0,,
PAX5,,"oncogene, TSG, fusion","NHL, ALL, B-ALL",TSG,1,1,TRUE,0,0,,1,1,0,,
PAX7,,fusion,alveolar rhabdomyosarcoma,,0,0,FALSE,0,0,,0,1,0,,
PAX8,,fusion,follicular thyroid,oncogene,1,0,FALSE,0,0,,0,1,0,,
PBRM1,,TSG,"clear cell renal carcinoma, breast",TSG,0,1,TRUE,0,0,,1,1,0,,
PBX1,,"oncogene, fusion","pre B-ALL, myoepithelioma",,1,0,FALSE,0,0,,0,1,0,,
PCM1,,fusion,"papillary thyroid, CML, MPN",,0,0,FALSE,0,0,,0,1,0,,
PDCD1,,,,oncogene,1,0,FALSE,0,0,,0,1,0,,
PDCD1LG2,,"oncogene, fusion","PMBL, Hodgkin lymphoma",oncogene,1,0,FALSE,0,0,,0,1,0,,
PDE4DIP,,fusion,MPN,,0,0,FALSE,0,0,,0,1,0,,
PDGFB,,"oncogene, fusion",DFSP,oncogene,1,0,FALSE,0,0,,0,1,0,,
PDGFRA,,"oncogene, fusion","GIST, idiopathic hypereosinophilic syndrome, paediatric glioblastoma",oncogene,1,0,FALSE,0,0,,0,1,0,,
PDGFRB,,"oncogene, fusion","MPN, AML, CMML, CML",oncogene,1,0,TRUE,0,0,,0,1,0,,
PDS5B,,,,TSG,0,1,TRUE,0,0,,1,1,0,,
PER1,,"TSG, fusion","AML, CMML",,0,1,FALSE,0,0,,1,1,0,,
PGBD5,,,,oncogene,1,0,FALSE,0,0,,0,1,0,,
PGR,,,,oncogene,1,0,TRUE,0,0,,0,1,0,,
PHF6,,TSG,ETP ALL,TSG,0,1,TRUE,0,0,,1,1,0,,
PHOX2B,,TSG,neuroblastoma,TSG,0,1,TRUE,0,0,,1,1,0,,
PICALM,,fusion,"T-ALL, AML",,0,0,FALSE,0,0,,0,1,0,,
PIGA,,,,TSG,0,1,TRUE,0,0,,1,1,0,,
PIK3CA,,oncogene,"colorectal, gastric, glioblastoma, breast",oncogene,1,0,FALSE,0,0,,0,1,0,,
PIK3CB,,oncogene,"SCC, NSCLC",oncogene,1,0,TRUE,0,0,,0,1,0,,
PIK3CD,,,,oncogene,1,0,FALSE,0,0,,0,1,0,,
PIK3CG,,,,oncogene,1,0,FALSE,0,0,,0,1,0,,
PIK3R1,,TSG,"glioblastoma, ovarian, colorectal",TSG,0,1,TRUE,0,0,,1,1,0,,
PIK3R2,,,,TSG,0,1,TRUE,0,0,,1,1,0,,
PIK3R3,,,,TSG,0,1,TRUE,0,0,,1,1,0,,
PIM1,,"oncogene, fusion",NHL,,1,0,FALSE,0,0,,0,1,0,,
PLAG1,,"oncogene, fusion","salivary adenoma, lipoblastoma",,1,0,FALSE,0,0,,0,1,0,,
PLCG1,,"oncogene, fusion",angiosarcoma,oncogene,1,0,FALSE,0,0,,0,1,0,,
PLCG2,,,,oncogene,1,0,FALSE,0,0,,0,1,0,,
PMAIP1,,,,TSG,0,1,TRUE,0,0,,1,1,0,,
PML,,"TSG, fusion","APL, ALL",,0,1,FALSE,0,0,,1,1,0,,
PMS1,,,,TSG,0,1,TRUE,0,0,,1,1,0,,
PMS2,,TSG,,TSG,0,1,TRUE,0,0,,1,1,0,,
POLD1,,TSG,CRC,TSG,0,1,TRUE,0,0,,1,1,0,,
POLE,,TSG,"colorectal carcinoma, endometrioid carcinoma, stomach carcinoma, skin cancer",TSG,0,1,TRUE,0,0,,1,1,0,,
POLG,,TSG,CRC,,0,1,FALSE,0,0,,1,1,0,,
POLQ,,"oncogene, TSG",oral SCC,,1,1,FALSE,0,0,,1,1,0,,
POT1,,TSG,CLL,TSG,0,1,TRUE,0,0,,1,1,0,,
POU2AF1,,"oncogene, fusion",NHL,,1,0,FALSE,0,0,,0,1,0,,
POU5F1,,"oncogene, fusion",sarcoma,,1,0,FALSE,0,0,,0,1,0,,
PPARG,,"TSG, fusion",follicular thyroid,oncogene,1,1,FALSE,0,1,,0,1,0,Brian Will Update,
PPFIBP1,,fusion,"Spitzoid tumour, inflammatory myofibroblastic tumour",,0,0,FALSE,0,0,,0,1,0,,
PPM1D,,oncogene,"glioma, ovarian cancer, breast cancer",oncogene,1,0,TRUE,0,0,,0,1,0,,
PPP2R1A,,TSG,clear cell ovarian carcinoma,TSG,0,1,TRUE,0,0,,1,1,0,,
PPP2R2A,,,,TSG,0,1,FALSE,0,0,,1,1,0,,
PPP6C,,TSG,melanoma,TSG,0,1,TRUE,0,0,,1,1,0,,
PRCC,,fusion,papillary renal,,0,0,FALSE,0,0,,0,1,0,,
PRDM1,,TSG,DLBCL,TSG,0,1,TRUE,0,0,,1,1,0,,
PRDM16,,"oncogene, fusion","MDS, AML",,1,0,FALSE,0,0,,0,1,0,,
PRDM2,,TSG,"glioma, colon adenocarcinoma, gastric carcinoma, ovarian carcinoma, HNSCC",,0,1,FALSE,0,0,,1,1,0,,
PREX2,,oncogene,"melanoma, pancreatic ductal adenocarcinoma",,1,0,FALSE,0,0,,0,1,0,,
PRF1,,TSG,,,0,1,FALSE,0,0,,1,1,0,,
PRKACA,,oncogene,"fibrolamellar hepatocellular carcinoma, cortisol secreting adrenal adenoma",oncogene,1,0,FALSE,0,0,,0,1,0,,
PRKAR1A,,"oncogene, TSG, fusion",papillary thyroid,,1,1,TRUE,0,0,,1,1,0,,
PRKCI,,,,oncogene,1,0,FALSE,0,0,,0,1,0,,
PRKD1,,fusion,"cribriform adenocarcinoma of the minor salivary glands, polymorphous adenocarcinoma of the minor salivary glands",,0,0,FALSE,0,0,,0,1,0,,
PRKN,,,,TSG,0,1,TRUE,0,0,,1,1,0,,
PRRX1,,fusion,AML,,0,0,FALSE,0,0,,0,1,0,,
PSIP1,,"oncogene, fusion",AML,,1,0,FALSE,0,0,,0,1,0,,
PTCH1,,TSG,"skin basal cell, medulloblastoma",TSG,0,1,TRUE,0,0,,1,1,0,,
PTEN,,TSG,"glioma, prostate, endometrial",TSG,0,1,TRUE,0,0,,1,1,0,,
PTK6,,"oncogene, TSG","renal, gastric, head and neck, ovarian, others",,1,1,TRUE,0,0,,1,1,0,,
PTPN1,,,,"TSG, oncogene",1,1,TRUE,0,0,,1,1,0,,
PTPN11,,oncogene,"JMML, AML, MDS",oncogene,1,0,TRUE,0,0,,0,1,0,,
PTPN13,,TSG,"lung, NSCLC, gastric, peritoneal carcinomatosis",,0,1,TRUE,0,0,,1,1,0,,
PTPN2,,,,TSG,0,1,TRUE,0,0,,1,1,0,,
PTPN6,,TSG,DLBCL,,0,1,FALSE,0,0,,1,1,0,,
PTPRB,,TSG,angiosarcoma,,0,1,FALSE,0,0,,1,1,0,,
PTPRC,,TSG,T-ALL,,0,1,FALSE,0,0,,1,1,0,,
PTPRD,,TSG,"lung cancer, kidney cancer, HNSCC, glioblastoma",TSG,0,1,TRUE,0,0,,1,1,0,,
PTPRK,,"TSG, fusion",colorectal,,0,1,FALSE,0,0,,1,1,0,,
PTPRS,,,,TSG,0,1,TRUE,0,0,,1,1,0,,
PTPRT,,TSG,"HNSCC, colorectal cancer, gastric cancer, lung cancer, melanoma",TSG,0,1,TRUE,0,0,,1,1,0,,
PWWP2A,,fusion,Spitzoid tumour,,0,0,FALSE,0,0,,0,1,0,,
QKI,,"oncogene, TSG","angiocentric glioma, colorectal cancer",,1,1,TRUE,0,0,,1,1,0,,
RAB35,,,,oncogene,1,0,FALSE,0,0,,0,1,0,,
RABEP1,,fusion,CMML,,0,0,FALSE,0,0,,0,1,0,,
RAC1,,oncogene,"melanoma, carcinoma",oncogene,1,0,FALSE,0,0,,0,1,0,,
RAC2,,,,oncogene,1,0,FALSE,0,0,,0,1,0,,
RAD17,,TSG,"lymphoma, colon cancer",,0,1,FALSE,0,0,,1,1,0,,
RAD21,,"oncogene, TSG","AML, endometrium, colorectal, lung",TSG,1,1,TRUE,0,0,,1,1,0,,
RAD50,,,,TSG,0,1,TRUE,0,0,,1,1,0,,
RAD51,,,,TSG,0,1,TRUE,0,0,,1,1,0,,
RAD51B,,"TSG, fusion","lipoma, uterine leiomyoma",TSG,0,1,TRUE,0,0,,1,1,0,,
RAD51C,,,,TSG,0,1,TRUE,0,0,,1,1,0,,
RAD51D,,,,TSG,0,1,TRUE,0,0,,1,1,0,,
RAF1,,"oncogene, fusion","pilocytic astrocytoma, prostate",oncogene,1,0,FALSE,0,0,,0,1,0,,
RALGDS,,fusion,"PMBL, Hodgkin lymphoma,",,0,0,FALSE,0,0,,0,1,0,,
RANBP2,,"TSG, fusion",inflammatory myofibroblastic tumour,,0,1,FALSE,0,0,,1,1,0,,
RAP1GDS1,,"oncogene, fusion",T-ALL,,1,0,FALSE,0,0,,0,1,0,,
RARA,,"oncogene, fusion",APL,,1,0,FALSE,0,0,,0,1,0,,
RASA1,,,,TSG,0,1,TRUE,0,0,,1,1,0,,
RB1,,TSG,"retinoblastoma, sarcoma, breast, small cell lung carcinoma",TSG,0,1,TRUE,0,0,,1,1,0,,
RBM10,,TSG,lung adenocarcinoma,TSG,0,1,TRUE,0,0,,1,1,0,,
RBM15,,fusion,acute megakaryocytic leukaemia,"TSG, oncogene",1,1,TRUE,0,0,,1,1,0,,
RECQL,,,,TSG,0,1,TRUE,0,0,,1,1,0,,
RECQL4,,"oncogene, TSG",,TSG,1,1,TRUE,0,0,,1,1,0,,
REL,,oncogene,Hodgkin lymphoma,oncogene,1,0,FALSE,0,0,,0,1,0,,
REST,,,,TSG,0,1,TRUE,0,0,,1,1,0,,
RET,,"oncogene, fusion","medullary thyroid, papillary thyroid, pheochromocytoma, NSCLC, Spitzoid tumour",oncogene,1,0,FALSE,0,0,,0,1,0,,
RFWD3,,TSG,lung cancer,,0,1,FALSE,0,0,,1,1,0,,
RHEB,,,,oncogene,1,0,FALSE,0,0,,0,1,0,,
RHOA,,"oncogene, TSG","diffuse gastric, T cell lymphomas, paediatric Burkitt lymphoma",oncogene,1,1,FALSE,0,1,,0,1,0,Brian Will Update,
RHOH,,"TSG, fusion",NHL,,0,1,FALSE,0,0,,1,1,0,,
RICTOR,,,,oncogene,1,0,FALSE,0,0,,0,1,0,,
RIT1,,,,oncogene,1,0,TRUE,0,0,,0,1,0,,
RMI2,,"TSG, fusion","PMBL, Hodgkin lymphoma",,0,1,FALSE,0,0,,1,1,0,,
RNF213,,fusion,ALCL,,0,0,FALSE,0,0,,0,1,0,,
RNF43,,TSG,"cholangiocarcinoma, ovary, pancreas",TSG,0,1,TRUE,0,0,,1,1,0,,
ROBO1,,,,TSG,0,1,TRUE,0,0,,1,1,0,,
ROBO2,,TSG,"colorectal adenocarcinoma, melanoma",,0,1,FALSE,0,0,,1,1,0,,
ROS1,,"oncogene, fusion","glioblastoma, NSCLC, Spitzoid tumour, cholangiocarcinoma, borderline ovarian",oncogene,1,0,TRUE,0,0,,0,1,0,,
RPL10,,TSG,T-ALL,,0,1,FALSE,0,0,,1,1,0,,
RPL22,,"TSG, fusion","AML, CML",,0,1,FALSE,0,0,,1,1,0,,
RPL5,,TSG,T-ALL,,0,1,FALSE,0,0,,1,1,0,,
RPN1,,fusion,AML,,0,0,FALSE,0,0,,0,1,0,,
RPS6KA4,,,,oncogene,1,0,FALSE,0,0,,0,1,0,,
RPS6KB2,,,,oncogene,1,0,FALSE,0,0,,0,1,0,,
RPTOR,,,,oncogene,1,0,FALSE,0,0,,0,1,0,,
RRAGC,,,,oncogene,1,0,FALSE,0,0,,0,1,0,,
RRAS,,,,oncogene,1,0,FALSE,0,0,,0,1,0,,
RRAS2,,,,oncogene,1,0,FALSE,0,0,,0,1,0,,
RSPO2,,"TSG, fusion",colorectal,,0,1,FALSE,0,0,,1,1,0,,
RSPO3,,"oncogene, fusion",colorectal,,1,0,FALSE,0,0,,0,1,0,,
RTEL1,,,,TSG,0,1,TRUE,0,0,,1,1,0,,
RUNX1,,"oncogene, TSG, fusion","AML, pre B-ALL, T-ALL",TSG,1,1,TRUE,0,0,,1,1,0,,
RUNX1T1,,"oncogene, TSG, fusion",AML,oncogene,1,1,FALSE,0,1,,0,1,0,Brian Will Update,
RYBP,,,,TSG,0,1,TRUE,0,0,,1,1,0,,
S100A7,,fusion,"melanoma, T-cell lymphoma",,0,0,FALSE,0,0,,0,1,0,,
SALL4,,oncogene,"colorectal cancer, breast cancer, prostate cancer, glioblastoma, melanoma",,1,0,FALSE,0,0,,0,1,0,,
SAMHD1,,,,TSG,0,1,TRUE,0,0,,1,1,0,,
SBDS,,TSG,,,0,1,FALSE,0,0,,1,1,0,,
SCG5,,,,oncogene,1,0,FALSE,0,0,,0,1,0,,
SDC4,,fusion,NSCLC,,0,0,FALSE,0,0,,0,1,0,,
SDHA,,TSG,"GIST, paraganglioma",TSG,0,1,TRUE,0,0,,1,1,0,,
SDHAF2,,TSG,,TSG,0,1,TRUE,0,0,,1,1,0,,
SDHB,,TSG,,TSG,0,1,TRUE,0,0,,1,1,0,,
SDHC,,TSG,,TSG,0,1,TRUE,0,0,,1,1,0,,
SDHD,,TSG,,TSG,0,1,TRUE,0,0,,1,1,0,,
SEPT5,,fusion,AML,,0,0,FALSE,0,0,,0,1,0,,
SEPT6,,fusion,AML,,0,0,FALSE,0,0,,0,1,0,,
SEPT9,,fusion,AML*,,0,0,FALSE,0,0,,0,1,0,,
SERPINB3,,,,"TSG, oncogene",1,1,TRUE,0,0,,1,1,0,,
SESN1,,,,TSG,0,1,TRUE,0,0,,1,1,0,,
SESN2,,,,TSG,0,1,TRUE,0,0,,1,1,0,,
SESN3,,,,TSG,0,1,TRUE,0,0,,1,1,0,,
SET,,"oncogene, fusion",T-ALL,,1,0,FALSE,0,0,,0,1,0,,
SETBP1,,"oncogene, fusion","aCML, sAML, MDS/MPN-U, CMML, JMML",oncogene,1,0,TRUE,0,0,,0,1,0,,
SETD1A,,,,oncogene,1,0,FALSE,0,0,,0,1,0,,
SETD1B,,TSG,"CRC, endometrium",,0,1,FALSE,0,0,,1,1,0,,
SETD2,,TSG,clear cell renal carcinoma,TSG,0,1,TRUE,0,0,,1,1,0,,
SETDB1,,oncogene,malignant mesothelioma,"TSG, oncogene",1,1,TRUE,0,0,,1,1,0,,
SETDB2,,,,TSG,0,1,TRUE,0,0,,1,1,0,,
SF3B1,,oncogene,myelodysplastic syndrome,oncogene,1,0,TRUE,0,0,,0,1,0,,
SFPQ,,"TSG, fusion",papillary renal,,0,1,FALSE,0,0,,1,1,0,,
SFRP1,,,,TSG,0,1,TRUE,0,0,,1,1,0,,
SFRP2,,,,"TSG, oncogene",1,1,TRUE,0,0,,1,1,0,,
SFRP4,,TSG,"colorectal cancer, melanoma, SCC, gastric cancer, oesophageal SCC",,0,1,TRUE,0,0,,1,1,0,,
SGK1,,oncogene,Nodular lymphocyte predominant Hodgkin lymphoma,oncogene,1,0,FALSE,0,0,,0,1,0,,
SH2B3,,TSG,"MPN, sAML, erythrocytosis, B-ALL",TSG,0,1,TRUE,0,0,,1,1,0,,
SH2D1A,,,,TSG,0,1,TRUE,0,0,,1,1,0,,
SH3GL1,,"oncogene, fusion",AL,,1,0,FALSE,0,0,,0,1,0,,
SHOC2,,,,oncogene,1,0,FALSE,0,0,,0,1,0,,
SHQ1,,,,TSG,0,1,TRUE,0,0,,1,1,0,,
SHTN1,,fusion,Spitzoid tumour,,0,0,FALSE,0,0,,0,1,0,,
SIRPA,,TSG,"HNSCC, colorectal cancer, Lung SCC",,0,1,FALSE,0,0,,1,1,0,,
SIX1,,oncogene,Wilms tumour,,1,0,FALSE,0,0,,0,1,0,,
SIX2,,oncogene,Wilms tumour,,1,0,FALSE,0,0,,0,1,0,,
SKI,,oncogene,melanoma,,1,0,FALSE,0,0,,0,1,0,,
SLC34A2,,"TSG, fusion",NSCLC,,0,1,FALSE,0,0,,1,1,0,,
SLC45A3,,fusion,prostate,,0,0,FALSE,0,0,,0,1,0,,
SLFN11,,,,TSG,0,1,TRUE,0,0,,1,1,0,,
SLX4,,,,TSG,0,1,TRUE,0,0,,1,1,0,,
SMAD2,,TSG,"colorectal carcinoma, hepatocellular carcinoma",TSG,0,1,TRUE,0,0,,1,1,0,,
SMAD3,,TSG,"colorectal carcinoma, oral squamous cell carcinoma",TSG,0,1,TRUE,0,0,,1,1,0,,
SMAD4,,TSG,"colorectal, pancreatic, small intestine",TSG,0,1,TRUE,0,0,,1,1,0,,
SMARCA2,,,,TSG,0,1,TRUE,0,0,,1,1,0,,
SMARCA4,,TSG,"NSCLC, SCCOHT",TSG,0,1,TRUE,0,0,,1,1,0,,
SMARCB1,,TSG,malignant rhabdoid,TSG,0,1,TRUE,0,0,,1,1,0,,
SMARCD1,,TSG,breast,,0,1,FALSE,0,0,,1,1,0,,
SMARCE1,,TSG,,"TSG, oncogene",1,1,TRUE,0,0,,1,1,0,,
SMC1A,,TSG,AML,TSG,0,1,TRUE,0,0,,1,1,0,,
SMC3,,,,TSG,0,1,TRUE,0,0,,1,1,0,,
SMG1,,,,TSG,0,1,TRUE,0,0,,1,1,0,,
SMO,,oncogene,skin basal cell,oncogene,1,0,FALSE,0,0,,0,1,0,,
SMYD3,,,,oncogene,1,0,FALSE,0,0,,0,1,0,,
SND1,,"oncogene, fusion",pancreas acinar carcinoma,,1,0,FALSE,0,0,,0,1,0,,
SNX29,,fusion,"PMBL, Hodgkin lymphoma",,0,0,FALSE,0,0,,0,1,0,,
SOCS1,,TSG,"Hodgkin lymphoma, PMBL",TSG,0,1,TRUE,0,0,,1,1,0,,
SOCS3,,,,TSG,0,1,TRUE,0,0,,1,1,0,,
SOS1,,,,oncogene,1,0,FALSE,0,0,,0,1,0,,
SOX17,,,,TSG,0,1,TRUE,0,0,,1,1,0,,
SOX2,,oncogene,"NSCLC, oesophageal squamous carcinoma",oncogene,1,0,FALSE,0,0,,0,1,0,,
SOX21,,TSG,multiple myeloma,,0,1,FALSE,0,0,,1,1,0,,
SOX9,,,,"TSG, oncogene",1,1,TRUE,0,0,,1,1,0,,
SP140,,,,TSG,0,1,TRUE,0,0,,1,1,0,,
SPECC1,,fusion,JMML,,0,0,FALSE,0,0,,0,1,0,,
SPEN,,TSG,"SMZL, adenoid cystic carcinoma, DLBCL",TSG,0,1,TRUE,0,0,,1,1,0,,
SPOP,,TSG,"prostate, endometrial",TSG,0,1,TRUE,0,0,,1,1,0,,
SPRED1,,,,TSG,0,1,TRUE,0,0,,1,1,0,,
SPRTN,,,,TSG,0,1,TRUE,0,0,,1,1,0,,
SRC,,oncogene,"colorectal cancer, endometrial carcinoma",oncogene,1,0,FALSE,0,0,,0,1,0,,
SRGAP3,,fusion,pilocytic astrocytoma,,0,0,FALSE,0,0,,0,1,0,,
SRSF2,,oncogene,"MDS, CLL",,1,0,TRUE,0,0,,0,1,0,,
SRSF3,,"oncogene, fusion",follicular lymphoma,,1,0,FALSE,0,0,,0,1,0,,
SS18,,fusion,synovial sarcoma,oncogene,1,0,FALSE,0,0,,0,1,0,,
SS18L1,,fusion,synovial sarcoma,,0,0,FALSE,0,0,,0,1,0,,
SSX1,,"oncogene, fusion",synovial sarcoma,,1,0,FALSE,0,0,,0,1,0,,
SSX2,,"oncogene, fusion",synovial sarcoma,,1,0,FALSE,0,0,,0,1,0,,
SSX4,,"oncogene, fusion",synovial sarcoma,,1,0,FALSE,0,0,,0,1,0,,
STAG1,,TSG,"colorectal cancer, AML",TSG,0,1,TRUE,0,0,,1,1,0,,
STAG2,,TSG,"bladder carcinoma, glioblastoma, melanoma, Ewing's sarcoma, myeloid neoplasms",TSG,0,1,TRUE,0,0,,1,1,0,,
STAT3,,oncogene,T-cell large granular lymphocytic leukaemia,oncogene,1,0,TRUE,0,0,,0,1,0,,
STAT5A,,,,oncogene,1,0,FALSE,0,0,,0,1,0,,
STAT5B,,"oncogene, TSG, fusion","large granular lymphocytic leukaemia, skin basal cell, APL",oncogene,1,1,FALSE,0,1,,0,1,0,Brian Will Update,
STAT6,,"oncogene, fusion","solitary fibrous tumour, meningeal haemangiopericytoma",oncogene,1,0,FALSE,0,0,,0,1,0,,
STIL,,"oncogene, fusion",T-ALL,,1,0,FALSE,0,0,,0,1,0,,
STK11,,TSG,"NSCLC, pancreatic",TSG,0,1,TRUE,0,0,,1,1,0,,
STK19,,,,oncogene,1,0,FALSE,0,0,,0,1,0,,
STRN,,fusion,"anaplastic thyroid, papillary thyroid, lung",,0,0,FALSE,0,0,,0,1,0,,
SUFU,,TSG,medulloblastoma,TSG,0,1,TRUE,0,0,,1,1,0,,
SUZ12,,"oncogene, TSG, fusion",endometrial stromal tumour,TSG,1,1,TRUE,0,0,,1,1,0,,
SYK,,"oncogene, fusion","MDS, peripheral T-cell lymphoma",oncogene,1,0,FALSE,0,0,,0,1,0,,
TAF15,,"oncogene, fusion","extraskeletal myxoid chondrosarcoma, ALL",,1,0,FALSE,0,0,,0,1,0,,
TAL1,,"oncogene, fusion",lymphoblastic leukaemia/biphasic,oncogene,1,0,FALSE,0,0,,0,1,0,,
TAL2,,"oncogene, fusion",T-ALL,,1,0,FALSE,0,0,,0,1,0,,
TBL1XR1,,"oncogene, TSG, fusion","splenic marginal zone lymphoma, primary central nervous system lymphoma, colorectal carcinoma, gallbladder carcinoma",TSG,1,1,TRUE,0,0,,1,1,0,,
TBX3,,"oncogene, TSG","breast, large intestine, skin",TSG,1,1,TRUE,0,0,,1,1,0,,
TCEA1,,fusion,salivary adenoma,,0,0,FALSE,0,0,,0,1,0,,
TCF12,,fusion,extraskeletal myxoid chondrosarcoma,,0,0,FALSE,0,0,,0,1,0,,
TCF3,,"oncogene, TSG, fusion",pre B-ALL,TSG,1,1,TRUE,0,0,,1,1,0,,
TCF7L2,,"oncogene, fusion",colorectal,TSG,1,1,TRUE,0,0,,1,1,0,,
TCL1A,,"oncogene, fusion",T-CLL,oncogene,1,0,FALSE,0,0,,0,1,0,,
TCL1B,,,,oncogene,1,0,FALSE,0,0,,0,1,0,,
TEC,,"oncogene, fusion",myxoid chondrosarcoma,,1,0,FALSE,0,0,,0,1,0,,
TENT5C,,TSG,MM,TSG,0,1,TRUE,0,0,,1,1,0,,
TERT,,"oncogene, TSG","melanoma, glioblastoma, hepatocellular carcinoma, bladder, skin basal cell, skin squamous cell, mesothelioma, medulloblastoma, other tumour types",oncogene,1,1,TRUE,0,1,LOF mainly relevant for germline,0,1,0,,
TET1,,"oncogene, TSG, fusion",AML,TSG,1,1,TRUE,0,0,,1,1,0,,
TET2,,TSG,MDS,TSG,0,1,TRUE,0,0,,1,1,0,,
TET3,,,,TSG,0,1,TRUE,0,0,,1,1,0,,
TFE3,,"oncogene, fusion","papillary renal, alveolar soft part sarcoma, renal",oncogene,1,0,FALSE,0,0,,0,1,0,,
TFEB,,"oncogene, fusion",renal cell carcinoma (childhood epithelioid),,1,0,FALSE,0,0,,0,1,0,,
TFG,,fusion,"papillary thyroid, ALCL, NSCLC, extraskeletal myxoid chondrosarcoma",,0,0,FALSE,0,0,,0,1,0,,
TFPT,,fusion,pre-B ALL,,0,0,FALSE,0,0,,0,1,0,,
TFRC,,fusion,NHL,,0,0,FALSE,0,0,,0,1,0,,
TGFBR1,,,,TSG,0,1,TRUE,0,0,,1,1,0,,
TGFBR2,,TSG,"head and neck, colorectal",TSG,0,1,TRUE,0,0,,1,1,0,,
THRAP3,,fusion,aneurysmal bone cyst,,0,0,FALSE,0,0,,0,1,0,,
TLX1,,"oncogene, fusion",T-ALL,oncogene,1,0,FALSE,0,0,,0,1,0,,
TLX3,,"oncogene, fusion",T-ALL,oncogene,1,0,FALSE,0,0,,0,1,0,,
TMEM127,,TSG,,TSG,0,1,TRUE,0,0,,1,1,0,,
TMPRSS2,,fusion,prostate,,0,0,FALSE,0,0,,0,1,0,,
TMSB4X,,oncogene,DLBCL,,1,0,FALSE,0,0,,0,1,0,,
TNC,,oncogene,"SCC, melanoma",,1,0,FALSE,0,0,,0,1,0,,
TNFAIP3,,TSG,"marginal zone B-cell lymphomas, Hodgkin lymphoma, PMBL",TSG,0,1,TRUE,0,0,,1,1,0,,
TNFRSF14,,TSG,follicular lymphoma,TSG,0,1,TRUE,0,0,,1,1,0,,
TNFRSF17,,"oncogene, fusion",intestinal T-cell lymphoma,,1,0,FALSE,0,0,,0,1,0,,
TOP1,,fusion,AML*,TSG,0,1,TRUE,0,0,,1,1,0,,
TP53,,"oncogene, TSG, fusion","breast, colorectal, lung, sarcoma, adrenocortical, glioma, Spitzoid tumour, multiple other tumour types",TSG,1,1,TRUE,0,0,,1,1,0,,
TP53BP1,,,,TSG,0,1,TRUE,0,0,,1,1,0,,
TP63,,"oncogene, TSG","HNSCC, DLBCL","TSG, oncogene",1,1,TRUE,0,0,,1,1,0,,
TPM3,,"TSG, fusion","papillary thyroid, ALCL, NSCLC, Spitzoid tumour",,0,1,FALSE,0,0,,1,1,0,,
TPM4,,fusion,ALCL,,0,0,FALSE,0,0,,0,1,0,,
TPR,,fusion,"papillary thyroid, NSCLC",,0,0,FALSE,0,0,,0,1,0,,
TRA,,fusion,T-ALL,oncogene,1,0,FALSE,0,0,,0,1,0,,
TRAF3,,,,TSG,0,1,TRUE,0,0,,1,1,0,,
TRAF5,,,,TSG,0,1,TRUE,0,0,,1,1,0,,
TRAF7,,TSG,meningioma,,0,1,FALSE,0,0,,1,1,0,,
TRB,,fusion,T-ALL,oncogene,1,0,FALSE,0,0,,0,1,0,,
TRD,,fusion,T-cell leukaemia,oncogene,1,0,FALSE,0,0,,0,1,0,,
TRG,,,,oncogene,1,0,FALSE,0,0,,0,1,0,,
TRIM27,,"oncogene, fusion",papillary thyroid,,1,0,FALSE,0,0,,0,1,0,,
TRIM33,,"TSG, fusion",papillary thyroid,,0,1,FALSE,0,0,,1,1,0,,
TRIP11,,fusion,AML,,0,0,FALSE,0,0,,0,1,0,,
TRIP13,,,,"TSG, oncogene",1,1,TRUE,0,0,,1,1,0,,
TRRAP,,oncogene,melanoma,,1,0,FALSE,0,0,,0,1,0,,
TSC1,,TSG,"renal cell carcinoma, bladder carcinoma",TSG,0,1,TRUE,0,0,,1,1,0,,
TSC2,,TSG,"pulmonary lymphangioleiomyomatosis (LAM), renal angiomyolipoma, HNSCC",TSG,0,1,TRUE,0,0,,1,1,0,,
TSHR,,oncogene,toxic thyroid adenoma,oncogene,1,0,FALSE,0,0,,0,1,0,,
TYK2,,,,oncogene,1,0,FALSE,0,0,,0,1,0,,
U2AF1,,oncogene,"CLL, MDS",oncogene,1,0,TRUE,0,0,,0,1,0,,
UBR5,,oncogene,"mantle cell lymphoma, gastric, colorectal",oncogene,1,0,FALSE,0,0,,0,1,0,,
USP44,,TSG,"lung cancer, colon cancer",,0,1,FALSE,0,0,,1,1,0,,
USP6,,"oncogene, fusion",aneurysmal bone cyst,,1,0,FALSE,0,0,,0,1,0,,
USP8,,oncogene,corticotroph adenoma,oncogene,1,0,FALSE,0,0,,0,1,0,,
USP9X,,fusion,colon carcinoma,,0,0,FALSE,0,0,,0,1,0,,
VAV1,,fusion,T-cell lymphoma,oncogene,1,0,FALSE,0,0,,0,1,0,,
VAV2,,,,oncogene,1,0,FALSE,0,0,,0,1,0,,
VEGFA,,,,oncogene,1,0,FALSE,0,0,,0,1,0,,
VHL,,TSG,"renal, haemangioma, pheochromocytoma",TSG,0,1,TRUE,0,0,,1,1,0,,
VTI1A,,fusion,colorectal,,0,0,FALSE,0,0,,0,1,0,,
WAS,,oncogene,,,1,0,FALSE,0,0,,0,1,0,,
WDCP,,fusion,colorectal,,0,0,FALSE,0,0,,0,1,0,,
WIF1,,"TSG, fusion",pleomorphic salivary gland adenoma,TSG,0,1,TRUE,0,0,,1,1,0,,
WNK2,,TSG,gastric cancer,,0,1,FALSE,0,0,,1,1,0,,
WRN,,TSG,,,0,1,FALSE,0,0,,1,1,0,,
WT1,,"oncogene, TSG, fusion","Wilms tumour, desmoplastic small round cell tumour","TSG, oncogene",1,1,TRUE,0,0,,1,1,0,,
WWP1,,,,oncogene,1,0,FALSE,0,0,,0,1,0,,
WWTR1,,"oncogene, fusion",epithelioid haemangioendothelioma,oncogene,1,0,FALSE,0,0,,0,1,0,,
XBP1,,,,oncogene,1,0,FALSE,0,0,,0,1,0,,
XIAP,,,,oncogene,1,0,FALSE,0,0,,0,1,0,,
XPA,,TSG,,,0,1,TRUE,0,0,,1,1,0,,
XPC,,TSG,,,0,1,TRUE,0,0,,1,1,0,,
XPO1,,oncogene,CLL,oncogene,1,0,FALSE,0,0,,0,1,0,,
XRCC2,,,,TSG,0,1,TRUE,0,0,,1,1,0,,
YAP1,,,,oncogene,1,0,FALSE,0,0,,0,1,0,,
YES1,,,,oncogene,1,0,FALSE,0,0,,0,1,0,,
YWHAE,,"TSG, fusion",endometrial stromal sarcoma,,0,1,FALSE,0,0,,1,1,0,,
YY1,,,,oncogene,1,0,FALSE,0,0,,0,1,0,,
ZBTB16,,"TSG, fusion",APL,,0,1,FALSE,0,0,,1,1,0,,
ZBTB20,,,,"TSG, oncogene",1,1,FALSE,0,0,,1,1,0,,
ZCCHC8,,fusion,Spitzoid tumour,,0,0,FALSE,0,0,,0,1,0,,
ZEB1,,oncogene,"CCRCC, melanoma",,1,0,FALSE,0,0,,0,1,0,,
ZFHX3,,TSG,"endometrial, gastric, prostate",TSG,0,1,TRUE,0,0,,1,1,0,,
ZFP36L1,,,,TSG,0,1,FALSE,0,0,,1,1,0,,
ZMYM2,,fusion,"MPN, NHL",,0,0,FALSE,0,0,,0,1,0,,
ZMYM3,,TSG,"CRC, breast cancer",,0,1,FALSE,0,0,,1,1,0,,
ZNF331,,"TSG, fusion",follicular thyroid adenoma,,0,1,FALSE,0,0,,1,1,0,,
ZNF384,,fusion,ALL,,0,0,FALSE,0,0,,0,1,0,,
ZNF521,,"oncogene, fusion",ALL,,1,0,FALSE,0,0,,0,1,0,,
ZNF750,,,,TSG,0,1,FALSE,0,0,,1,1,0,,
ZNRF3,,TSG,"colorectal cancer, adrenocortical carcinoma, gastric cancer",TSG,0,1,TRUE,0,0,,1,1,0,,
ZRSR2,,TSG,"MDS, CLL",,0,1,TRUE,0,0,,1,1,0,,
FAM46C,,,,,,,TRUE,0,0,,1,0,0,,
MRE11A,,,,,,,TRUE,0,0,,1,0,0,,
SRCAP,,,,,,,TRUE,0,0,,1,0,1,,
YLPM1,,,,,,,TRUE,0,0,,1,0,1,,
ZBTB33,,,,,,,TRUE,0,0,,1,0,1,,
ZNF318,,,,,,,TRUE,0,0,,1,0,1,,
BRCC3,,,,,,,TRUE,0,0,,0,0,0,,
KANSL1,,,,,,,TRUE,0,0,,0,0,0,,
KDM2B,Histone Demethylase,,,,,,TRUE,0,0,,1,0,0,,
KMT2E,Histone Methlytransferase (H3K4),,,,,,TRUE,0,0,weak evidence,1,0,0,,
LAMB4,Laminin subunit beta-4,,,,,,TRUE,0,0,weak evidence,1,0,0,,
LUC7L2,Putative RNA-binding protein Luc7-like 2,,,,,,TRUE,0,0,,1,0,0,,
PCDH15,Protocadherin-15,,,,,,TRUE,0,0,,1,0,0,,
RFWD2,,,,,,,TRUE,0,0,,0,0,0,,
